id,first_name,last_name,email,gender,ip_address,country,create_date,update_date
1,Lothaire,Salliss,lsalliss0@hud.gov,Agender,137.14.57.130,VN,6/16/2021,4/14/2021
2,Alexio,Switland,aswitland1@fema.gov,Male,112.93.57.221,SE,4/15/2021,12/29/2021
3,Ogden,Carp,ocarp2@1und1.de,Male,72.54.153.41,FR,7/30/2021,5/12/2021
4,Laure,Wolsey,lwolsey3@aboutads.info,Female,125.206.173.108,CN,1/5/2022,8/20/2020
5,Sammy,Witcher,switcher4@google.com,Female,83.145.44.72,ID,5/28/2021,6/11/2020
6,Inesita,Gunther,igunther5@mapy.cz,Female,105.9.109.174,CZ,10/20/2021,12/14/2021
7,Gar,Panichelli,gpanichelli6@vimeo.com,Male,150.132.18.98,PT,11/6/2019,2/3/2022
8,Abelard,Cortes,acortes7@w3.org,Male,22.45.116.138,RU,11/2/2021,5/21/2021
9,Nels,Warboy,nwarboy8@sun.com,Male,164.190.215.152,NG,2/14/2021,6/29/2020
10,Emelen,Seabrocke,eseabrocke9@buzzfeed.com,Male,77.239.184.44,RU,9/20/2021,7/9/2021
11,Dilan,Leve,dlevea@netscape.com,Male,93.74.72.132,MG,3/24/2022,5/6/2021
12,Franky,Edelston,fedelstonb@networksolutions.com,Male,94.53.69.203,BR,11/9/2020,4/22/2021
13,Tait,McGiven,tmcgivenc@pbs.org,Male,139.125.172.102,PE,5/31/2020,11/13/2021
14,Pauli,Swindley,pswindleyd@youku.com,Female,117.177.192.93,BR,12/13/2021,5/24/2020
15,Aggi,Cottrill,acottrille@narod.ru,Female,215.219.53.55,FR,4/20/2020,6/25/2021
16,Lilly,Matis,lmatisf@bbb.org,Female,165.193.116.25,RU,10/9/2019,1/20/2020
17,,Fancutt,afancuttg@redcross.org,Male,103.106.52.228,SE,4/11/2022,6/20/2019
18,Maren,Chantler,mchantlerh@uiuc.edu,Female,170.117.166.199,PL,7/25/2020,9/4/2020
19,Jess,Lawday,jlawdayi@cdc.gov,Male,129.71.189.92,CZ,4/14/2022,6/17/2019
20,Osborn,Ions,oionsj@dot.gov,Genderfluid,87.50.79.143,ID,8/20/2020,3/24/2021
21,Parsifal,Gravenell,pgravenellk@wsj.com,Male,61.105.20.127,JP,1/17/2021,10/4/2021
22,Ninette,Ledgard,nledgardl@howstuffworks.com,Female,84.78.92.81,CN,3/29/2022,5/23/2021
23,Petey,Dhenin,pdheninm@nbcnews.com,Male,248.70.156.10,NG,5/1/2022,7/27/2020
24,Mariele,Gergus,mgergusn@phpbb.com,Female,217.16.140.154,PH,7/22/2019,3/6/2020
25,Tedie,Stuart,tstuarto@spotify.com,Male,210.197.240.31,CN,7/26/2021,11/14/2020
26,Minny,Chate,mchatep@jalbum.net,Female,184.25.143.235,RU,5/29/2020,5/7/2020
27,Goldie,Alban,galbanq@mac.com,Female,87.113.155.210,BA,1/6/2021,1/5/2022
28,Annamaria,Sybry,asybryr@toplist.cz,Female,252.241.5.78,BG,9/15/2020,10/18/2019
29,Lizbeth,Danilovich,ldanilovichs@engadget.com,Female,63.65.32.6,CM,4/14/2020,1/13/2020
30,Morie,Alliott,malliottt@free.fr,Male,222.201.137.130,AZ,11/9/2019,7/1/2021
31,Rea,Sillars,rsillarsu@paginegialle.it,Female,16.233.124.138,CN,10/8/2021,9/19/2020
32,Shandeigh,Thonason,sthonasonv@networkadvertising.org,Genderqueer,148.84.186.68,HR,12/24/2021,5/26/2021
33,Welby,Shillabeer,wshillabeerw@cloudflare.com,Male,135.179.131.239,CN,12/19/2020,6/21/2020
34,Barbie,Littlefair,blittlefairx@accuweather.com,Female,201.40.224.180,UA,8/6/2021,6/4/2021
35,Devi,Rainforth,drainforthy@over-blog.com,Female,50.230.1.16,PH,12/22/2020,10/25/2019
36,Fairleigh,Vanichkov,fvanichkovz@twitpic.com,Male,192.187.223.250,CZ,1/10/2022,1/6/2021
37,Alvan,Bickerstaffe,abickerstaffe10@lycos.com,Male,86.142.59.110,CN,6/8/2021,11/16/2021
38,Emmery,Ixer,eixer11@ed.gov,Male,155.156.92.31,BR,3/1/2021,6/21/2020
39,Byran,Olman,bolman12@yandex.ru,Male,233.209.188.181,ID,4/15/2021,8/13/2020
40,Kath,Cremin,kcremin13@drupal.org,Female,39.106.218.90,KH,11/15/2021,6/23/2019
41,Almeda,Nisuis,anisuis14@foxnews.com,Female,142.79.179.143,FR,3/28/2020,6/8/2020
42,,Sebright,rsebright15@oaic.gov.au,Female,104.11.124.59,ID,12/7/2019,1/16/2022
43,Gamaliel,Banbrigge,gbanbrigge16@netscape.com,Male,59.186.9.174,KZ,9/8/2020,5/15/2021
44,Siusan,Woodvine,swoodvine17@bbb.org,Female,143.131.92.147,ID,9/7/2020,3/7/2021
45,Daveen,Sugge,dsugge18@thetimes.co.uk,Female,65.251.86.223,CN,2/9/2020,10/9/2020
46,Darcy,Hanhardt,dhanhardt19@123-reg.co.uk,Female,78.250.109.83,CN,10/13/2021,1/23/2020
47,Leighton,Astill,lastill1a@quantcast.com,Male,205.142.2.238,CZ,1/14/2020,3/20/2022
48,Hyacinthe,Lydford,hlydford1b@psu.edu,Agender,34.39.156.224,US,4/18/2020,4/21/2020
49,Layney,Lapenna,llapenna1c@unblog.fr,Female,215.53.75.61,VE,8/16/2021,5/19/2019
50,Ricki,Zollner,rzollner1d@cnbc.com,Female,63.219.62.154,US,9/26/2020,5/21/2020
51,Chic,Borges,cborges1e@ed.gov,Male,25.118.188.25,FR,8/1/2019,4/27/2022
52,Shermy,McQuarter,smcquarter1f@wired.com,Male,85.106.110.42,US,6/6/2019,3/25/2021
53,Morlee,Haps,mhaps1g@bbc.co.uk,Male,137.229.251.252,ID,10/15/2020,7/21/2020
54,Carmen,Emeney,cemeney1h@sogou.com,Female,112.131.56.89,PH,5/10/2021,9/16/2020
55,Pauline,Bowick,pbowick1i@washingtonpost.com,Female,82.65.37.100,PS,4/19/2022,7/27/2020
56,Gustavo,Bolte,gbolte1j@feedburner.com,Male,0.143.59.195,RU,8/12/2019,7/14/2020
57,Myrlene,Prisk,mprisk1k@vkontakte.ru,Female,139.94.18.78,RU,5/23/2021,11/18/2020
58,Ambrosi,Ledbetter,aledbetter1l@whitehouse.gov,Male,55.86.136.151,CN,12/26/2021,10/9/2021
59,Gradeigh,Savile,gsavile1m@bbc.co.uk,Male,182.101.255.205,CN,12/31/2020,1/31/2021
60,Rycca,Josefsohn,rjosefsohn1n@unesco.org,Female,114.191.119.115,PL,5/20/2019,2/25/2022
61,Gabbey,Summerson,gsummerson1o@illinois.edu,Female,139.246.57.94,PL,4/24/2021,10/10/2020
62,Florie,Archbutt,farchbutt1p@elpais.com,Female,101.42.244.64,NG,9/23/2020,7/21/2019
63,Merry,Jedrzej,mjedrzej1q@parallels.com,Male,238.27.197.137,CD,11/26/2020,8/31/2021
64,Brunhilda,Christal,bchristal1r@twitpic.com,Female,111.24.68.146,TH,7/28/2019,5/8/2021
65,Worth,Jacks,wjacks1s@issuu.com,Male,157.116.80.99,UG,2/4/2022,10/17/2021
66,Vern,Kirsop,vkirsop1t@squidoo.com,Male,4.221.39.12,ID,4/21/2020,11/28/2019
67,Betsy,Malecky,bmalecky1u@java.com,Female,38.70.65.126,ID,6/24/2020,1/25/2020
68,Sterling,Julian,sjulian1v@discovery.com,Male,150.18.81.201,DJ,11/19/2019,3/16/2021
69,Mellisa,Guillerman,mguillerman1w@usda.gov,Female,90.75.80.153,RU,5/18/2019,5/20/2021
70,Ilario,Cragg,icragg1x@businessweek.com,Male,21.38.241.114,CN,3/3/2021,1/19/2021
71,Prudy,Kimbly,pkimbly1y@smh.com.au,Female,12.249.113.96,PH,2/8/2022,3/3/2022
72,Penny,Von Salzberg,pvonsalzberg1z@furl.net,Male,74.31.208.185,PH,3/15/2020,8/7/2020
73,Audra,Basindale,abasindale20@slideshare.net,Female,113.232.149.127,AF,6/29/2019,3/29/2021
74,Breanne,Bertson,bbertson21@freewebs.com,Female,34.129.246.117,CN,1/1/2021,6/16/2020
75,Abie,Gerding,agerding22@taobao.com,Male,45.56.34.217,BR,1/16/2020,3/30/2021
76,Filia,Claypole,fclaypole23@networkadvertising.org,Female,233.84.5.34,FR,1/13/2020,8/15/2020
77,Ronnie,Eggleson,reggleson24@cornell.edu,Male,10.147.83.183,CO,8/6/2021,8/12/2019
78,Libby,Leile,lleile25@youtu.be,Female,182.5.30.127,CN,6/8/2021,5/11/2020
79,,Silverstone,csilverstone26@wikipedia.org,Male,98.201.167.234,IL,6/8/2019,10/21/2020
80,Anita,Schulze,aschulze27@auda.org.au,Female,47.205.195.214,CN,5/27/2019,7/20/2019
81,Madelaine,Escala,mescala28@myspace.com,Female,82.151.47.72,RU,10/9/2021,12/3/2021
82,Cherie,Newrick,cnewrick29@ucla.edu,Non-binary,213.76.103.129,US,2/15/2022,12/31/2019
83,Charlena,Orfeur,corfeur2a@cargocollective.com,Female,224.146.120.155,PT,9/11/2019,11/23/2021
84,Kristine,Lawles,klawles2b@hhs.gov,Female,10.13.206.58,PH,1/13/2020,10/1/2019
85,Stinky,Churchley,schurchley2c@ezinearticles.com,Male,6.60.42.153,PE,7/31/2019,7/15/2020
86,Frederik,Timmermann,ftimmermann2d@amazon.co.uk,Male,47.102.161.234,CN,2/18/2022,4/26/2020
87,Lesya,Cloake,lcloake2e@comcast.net,Female,198.24.98.149,PH,1/22/2022,11/9/2019
88,Wynny,Denham,wdenham2f@vinaora.com,Female,242.230.187.229,PL,5/28/2019,8/20/2019
89,Ky,Ciementini,kciementini2g@apple.com,Male,132.185.168.112,YE,5/5/2022,1/20/2021
90,Nickolai,Aingel,naingel2h@booking.com,Male,30.138.35.215,ID,7/12/2020,1/9/2020
91,Turner,McIlmorow,tmcilmorow2i@walmart.com,Male,185.185.139.211,PL,4/3/2020,11/27/2021
92,Norbie,Wurz,nwurz2j@about.me,Male,217.38.166.189,PH,12/27/2020,7/14/2021
93,Faustina,Marquiss,fmarquiss2k@ehow.com,Female,151.123.230.16,UA,6/29/2020,8/6/2021
94,Eran,Rosbottom,erosbottom2l@mac.com,Female,85.190.44.3,UA,3/22/2021,1/6/2021
95,Cynde,Noke,cnoke2m@ft.com,Female,30.203.134.248,HN,7/10/2021,12/31/2021
96,Sharai,Gillease,sgillease2n@google.com.hk,Female,90.172.165.169,NG,4/1/2020,8/9/2021
97,Dewie,Folbig,dfolbig2o@google.pl,Polygender,251.47.173.214,CN,2/17/2022,4/21/2021
98,Avrom,Ellens,aellens2p@loc.gov,Bigender,62.50.187.149,BT,12/16/2019,1/22/2022
99,Kippie,O'Hederscoll,kohederscoll2q@w3.org,Genderfluid,238.83.189.88,RU,1/30/2020,1/26/2020
100,Lee,Graalman,lgraalman2r@sourceforge.net,Male,98.47.42.64,ID,8/1/2019,4/26/2020
101,Jerri,Dockwray,jdockwray2s@booking.com,Male,122.152.162.218,CO,5/22/2020,9/18/2019
102,Raquel,Dumberrill,rdumberrill2t@icq.com,Female,167.114.218.207,SE,6/5/2019,10/14/2019
103,Nikola,Clemenzo,nclemenzo2u@senate.gov,Male,157.238.242.166,ID,8/12/2019,7/28/2019
104,Stern,Jeanesson,sjeanesson2v@reference.com,Male,255.189.30.130,CN,4/2/2020,1/5/2021
105,Bryan,Wenden,bwenden2w@businessweek.com,Male,180.70.34.21,CN,11/20/2020,8/31/2021
106,Hansiain,Fernie,hfernie2x@odnoklassniki.ru,Male,56.28.81.14,BR,5/12/2020,10/13/2020
107,Alfonse,Loosley,aloosley2y@cmu.edu,Male,55.46.94.247,RU,4/8/2022,8/4/2019
108,Hamel,Hammerich,hhammerich2z@histats.com,Male,135.4.169.0,CH,11/16/2020,8/25/2019
109,Gothart,Kibard,gkibard30@etsy.com,Male,168.95.47.167,PH,2/3/2021,5/11/2019
110,Jenny,Drew-Clifton,jdrewclifton31@npr.org,Female,180.215.241.171,PT,12/10/2020,10/13/2019
111,Whitman,Cornbell,wcornbell32@naver.com,Male,39.67.97.103,LT,12/28/2019,9/9/2020
112,Maude,Peery,mpeery33@redcross.org,Female,30.158.163.121,PH,1/7/2021,3/27/2022
113,Carling,Connold,cconnold34@ebay.co.uk,Non-binary,1.180.249.78,CN,9/4/2019,6/20/2020
114,Lelah,Hayman,lhayman35@w3.org,Female,92.138.70.44,ID,1/28/2022,9/2/2019
115,Alfredo,Ruller,aruller36@naver.com,Bigender,158.12.220.192,CN,2/1/2022,11/23/2021
116,Matthaeus,Melia,mmelia37@mlb.com,Male,155.70.164.97,PT,7/15/2019,1/6/2021
117,Betty,Cockin,bcockin38@163.com,Female,212.101.56.83,MT,5/5/2021,3/20/2022
118,Sondra,Vasyutin,svasyutin39@51.la,Female,224.153.236.57,CN,12/8/2020,9/23/2020
119,Tallou,Hewell,thewell3a@jugem.jp,Female,21.132.14.132,GY,4/2/2021,12/14/2021
120,Quintin,Balharry,qbalharry3b@tumblr.com,Male,197.172.123.177,AL,7/28/2019,7/6/2019
121,Morie,Devon,mdevon3c@histats.com,Male,133.11.171.160,BA,5/12/2020,3/18/2022
122,Brice,Pendlington,bpendlington3d@earthlink.net,Male,183.8.213.218,BR,12/12/2021,9/18/2019
123,Zaccaria,Benitez,zbenitez3e@ning.com,Male,82.56.220.230,CN,5/29/2020,3/17/2022
124,Kore,Kimbury,kkimbury3f@twitter.com,Female,158.92.217.131,AZ,8/31/2019,7/14/2020
125,Tamqrah,De la Eglise,tdelaeglise3g@i2i.jp,Bigender,226.127.26.20,PT,8/24/2019,8/5/2021
126,Alvinia,Persehouse,apersehouse3h@hhs.gov,Bigender,91.48.172.136,CN,3/6/2020,4/1/2022
127,,Weir,aweir3i@etsy.com,Female,136.208.114.108,CN,12/30/2021,5/15/2020
128,Martica,Benger,mbenger3j@skype.com,Female,184.173.19.255,RU,6/1/2020,8/23/2021
129,Godfrey,Skippen,gskippen3k@businessweek.com,Male,111.93.106.74,MD,7/24/2021,5/14/2021
130,,Simonutti,ksimonutti3l@harvard.edu,Female,146.72.42.119,MX,5/7/2020,5/6/2022
131,Penny,Hulett,phulett3m@ow.ly,Male,87.45.141.4,CN,1/26/2021,6/9/2020
132,Sky,Churching,schurching3n@mtv.com,Male,52.75.123.38,NI,9/27/2021,12/19/2021
133,Earlie,Anetts,eanetts3o@sphinn.com,Male,51.190.25.151,ID,1/3/2020,7/5/2021
134,Maighdiln,de Broke,mdebroke3p@redcross.org,Female,120.253.86.126,UA,5/9/2022,4/2/2020
135,Alvan,Northrop,anorthrop3q@i2i.jp,Male,87.81.49.241,AO,4/7/2021,12/17/2019
136,Tana,Noad,tnoad3r@bloomberg.com,Genderqueer,32.177.163.193,CN,8/2/2019,6/2/2021
137,Sigismondo,Teodoro,steodoro3s@4shared.com,Male,16.87.170.117,RU,8/12/2019,11/5/2021
138,Edithe,Scurr,escurr3t@parallels.com,Female,205.112.182.225,CN,7/11/2019,11/18/2020
139,Collete,Gillitt,cgillitt3u@aol.com,Female,20.251.49.107,BI,8/1/2019,1/7/2022
140,Antin,Melin,amelin3v@yellowbook.com,Male,2.208.20.67,CO,5/7/2022,10/12/2019
141,Noland,Wallbanks,nwallbanks3w@irs.gov,Male,148.232.157.164,GN,8/21/2019,7/16/2021
142,Adiana,Corness,acorness3x@free.fr,Female,104.60.51.105,GR,5/21/2021,10/19/2019
143,Monty,Deegin,mdeegin3y@sphinn.com,Male,138.251.245.102,RS,5/4/2020,3/30/2022
144,Orazio,Pegrum,opegrum3z@bing.com,Male,251.16.179.78,MX,9/21/2021,4/22/2022
145,Nevins,Pidgeley,npidgeley40@myspace.com,Male,11.225.194.173,CN,2/16/2022,6/26/2021
146,Carly,Divina,cdivina41@techcrunch.com,Female,211.8.104.248,PT,10/16/2020,9/20/2019
147,Raquela,Maunton,rmaunton42@kickstarter.com,Female,231.147.219.64,US,3/22/2022,6/5/2019
148,Sybila,Theyer,stheyer43@icio.us,Female,98.33.101.239,ID,2/21/2022,6/28/2021
149,Ash,Causon,acauson44@cbc.ca,Agender,122.235.86.154,PL,9/18/2020,8/14/2020
150,Che,Cicculi,ccicculi45@gravatar.com,Male,25.165.157.27,CY,12/26/2021,12/8/2019
151,Andi,Tarling,atarling46@gov.uk,Female,90.186.213.255,PH,9/12/2020,2/7/2021
152,Reuben,Blofield,rblofield47@sogou.com,Male,65.30.128.234,SI,6/7/2019,5/2/2020
153,Barnie,Dedon,bdedon48@dedecms.com,Male,49.113.112.110,PY,6/24/2021,9/24/2019
154,Jason,Davidove,jdavidove49@canalblog.com,Male,186.206.81.190,SI,9/30/2019,10/22/2020
155,Lief,Sans,lsans4a@gravatar.com,Male,202.21.188.35,CN,7/23/2021,4/3/2021
156,Vilhelmina,Lott,vlott4b@cnn.com,Female,8.120.43.10,CN,2/9/2020,3/16/2022
157,Panchito,Paal,ppaal4c@si.edu,Male,240.170.117.228,TH,6/15/2019,1/5/2022
158,Ronda,McGlue,rmcglue4d@blog.com,Female,255.184.191.155,PS,4/25/2022,6/8/2021
159,Henryetta,Gwioneth,hgwioneth4e@examiner.com,Female,27.62.123.53,PH,1/9/2021,2/8/2021
160,Sara,Camelli,scamelli4f@rakuten.co.jp,Female,171.159.11.219,ET,7/3/2021,6/8/2019
161,Dulce,Flageul,dflageul4g@epa.gov,Female,151.160.55.232,CN,6/24/2020,9/11/2019
162,Shayne,Lode,slode4h@berkeley.edu,Female,91.102.135.161,PH,1/4/2020,8/1/2021
163,Nealson,Spatig,nspatig4i@stumbleupon.com,Male,57.91.57.165,TH,3/16/2021,8/7/2021
164,Alexandros,Bemment,abemment4j@cam.ac.uk,Male,176.120.107.96,GT,8/8/2020,5/9/2020
165,Aube,Peak,apeak4k@histats.com,Male,230.132.206.63,FR,4/18/2020,10/10/2019
166,,Horick,mhorick4l@odnoklassniki.ru,Male,95.107.135.150,ID,10/2/2021,12/5/2019
167,Brooks,Clague,bclague4m@rambler.ru,Male,80.19.133.187,CN,10/7/2021,8/4/2019
168,Billie,D' Angelo,bdangelo4n@vinaora.com,Female,126.68.29.33,PH,12/6/2019,2/12/2020
169,Harald,Simoneau,hsimoneau4o@wunderground.com,Agender,129.15.164.174,US,8/1/2019,6/17/2020
170,Samaria,Burmingham,sburmingham4p@discuz.net,Female,52.194.60.122,BG,2/24/2022,3/19/2022
171,Imogene,Andrelli,iandrelli4q@zdnet.com,Agender,98.217.31.116,MY,12/5/2020,11/4/2021
172,Dulsea,Zammitt,dzammitt4r@cam.ac.uk,Female,98.32.232.193,CN,6/26/2021,9/16/2021
173,Geneva,Haddleton,ghaddleton4s@multiply.com,Female,137.33.82.188,CN,8/17/2020,3/1/2021
174,Danice,Ioselevich,dioselevich4t@jigsy.com,Female,150.116.55.153,PH,11/27/2019,1/31/2021
175,Aubry,Strowthers,astrowthers4u@purevolume.com,Female,61.183.151.184,RS,4/18/2021,12/9/2021
176,,Tuckwell,ktuckwell4v@nationalgeographic.com,Male,0.31.110.80,CN,11/9/2020,6/9/2021
177,Rodolphe,Branno,rbranno4w@goo.gl,Male,133.222.255.128,TM,6/11/2020,6/5/2020
178,Odelle,Fearnyough,ofearnyough4x@bravesites.com,Female,27.5.248.93,PH,1/10/2020,4/9/2021
179,Teriann,Lammert,tlammert4y@reddit.com,Female,68.254.248.86,ID,5/10/2020,9/12/2021
180,Riley,Demead,rdemead4z@umich.edu,Male,17.225.161.48,SE,9/21/2020,6/2/2021
181,Karalynn,Lympenie,klympenie50@creativecommons.org,Non-binary,24.27.210.73,ID,8/4/2020,2/4/2020
182,,Ackrill,aackrill51@hatena.ne.jp,Polygender,9.47.148.236,BR,12/1/2020,10/25/2019
183,Wadsworth,Kemet,wkemet52@yolasite.com,Male,16.240.254.108,BR,7/23/2020,1/18/2020
184,Pierce,Loach,ploach53@plala.or.jp,Genderfluid,238.119.225.230,RU,9/8/2020,10/11/2019
185,Rozella,Surgen,rsurgen54@cloudflare.com,Agender,88.91.21.227,ID,11/28/2020,11/11/2020
186,Natala,Oakey,noakey55@weather.com,Female,80.79.193.178,CN,8/10/2020,3/31/2022
187,Gery,Ourry,gourry56@dyndns.org,Male,97.89.124.170,RU,4/21/2021,3/2/2020
188,Haroun,Bonnick,hbonnick57@hhs.gov,Male,201.55.187.159,JP,12/5/2021,7/27/2021
189,Bart,Wigsell,bwigsell58@reverbnation.com,Male,178.191.249.86,PL,10/25/2021,8/18/2019
190,,Lilburn,olilburn59@moonfruit.com,Female,91.184.8.20,FI,1/13/2020,7/14/2021
191,Rosella,Dood,rdood5a@sphinn.com,Female,20.100.228.189,NZ,3/29/2022,4/3/2020
192,Esmeralda,Devenport,edevenport5b@twitter.com,Female,225.50.26.178,ID,1/20/2020,11/21/2020
193,Kerrie,Archell,karchell5c@engadget.com,Female,135.102.8.210,CN,12/19/2019,2/1/2021
194,Amory,Seely,aseely5d@gnu.org,Male,255.94.25.9,VN,12/15/2021,2/13/2022
195,Kiley,De Marchi,kdemarchi5e@narod.ru,Female,32.177.123.137,CN,3/19/2020,1/4/2021
196,,Stubbley,nstubbley5f@noaa.gov,Male,106.19.183.222,PL,6/16/2020,11/4/2019
197,Doralynn,Dawley,ddawley5g@weibo.com,Female,131.3.202.56,CZ,5/25/2021,11/30/2021
198,Laurena,Monier,lmonier5h@blog.com,Female,101.218.99.49,CN,2/6/2021,4/18/2021
199,Idelle,Normant,inormant5i@vimeo.com,Female,122.99.108.65,BR,6/17/2020,2/8/2020
200,Geoffrey,Page,gpage5j@behance.net,Male,107.36.212.109,BY,11/11/2019,1/1/2021
201,Eileen,Champken,echampken5k@ezinearticles.com,Female,145.107.122.200,CU,2/3/2022,2/20/2020
202,Darrin,Kienzle,dkienzle5l@clickbank.net,Male,83.150.236.167,UA,12/16/2021,8/24/2021
203,Drona,Gruczka,dgruczka5m@timesonline.co.uk,Female,191.202.24.195,SA,2/24/2020,2/23/2022
204,Elladine,Richards,erichards5n@ocn.ne.jp,Female,87.72.214.48,GW,10/3/2019,2/2/2021
205,Candy,Skingley,cskingley5o@unesco.org,Female,117.81.26.216,CN,1/1/2020,5/17/2019
206,Bibbie,Leith,bleith5p@newyorker.com,Female,59.50.89.239,ID,9/25/2019,10/16/2020
207,Whitney,Kalinke,wkalinke5q@wikia.com,Male,189.73.238.31,PE,9/30/2019,1/1/2020
208,Allie,Sibery,asibery5r@businessweek.com,Female,199.138.145.41,CN,12/15/2021,9/22/2019
209,Ethe,Bernakiewicz,ebernakiewicz5s@europa.eu,Male,5.2.111.39,NL,12/1/2020,9/4/2019
210,Dniren,Messam,dmessam5t@pcworld.com,Non-binary,116.103.38.171,CN,4/13/2021,11/3/2019
211,Rina,Gynn,rgynn5u@mediafire.com,Agender,30.177.27.155,CN,1/10/2021,4/19/2021
212,Wolf,Ipsley,wipsley5v@netscape.com,Male,57.99.193.247,CN,10/22/2020,5/7/2020
213,Catie,Keneleyside,ckeneleyside5w@theguardian.com,Female,79.242.46.15,CN,2/24/2022,3/14/2020
214,Emile,Dicey,edicey5x@hao123.com,Male,228.96.139.156,ID,8/16/2019,11/10/2021
215,Felipe,Mahomet,fmahomet5y@uol.com.br,Male,14.248.202.110,KZ,10/29/2021,5/30/2021
216,Yard,Daton,ydaton5z@mtv.com,Male,241.163.179.94,ID,6/9/2019,7/9/2019
217,Lorne,Gianilli,lgianilli60@mail.ru,Male,194.91.27.80,EG,3/19/2022,12/30/2021
218,Albertine,Bartleman,abartleman61@seattletimes.com,Female,222.70.159.63,FR,8/22/2021,8/13/2020
219,Candra,Mansbridge,cmansbridge62@hugedomains.com,Female,46.133.103.7,CN,5/2/2022,6/10/2019
220,Maddi,Gallant,mgallant63@flickr.com,Female,11.3.211.184,SE,2/27/2021,1/21/2021
221,Humfrid,Binne,hbinne64@bbb.org,Male,133.183.229.62,CN,10/15/2019,12/11/2020
222,Timmy,Myner,tmyner65@oracle.com,Male,120.156.168.252,RU,6/13/2021,12/20/2021
223,Giana,Mabey,gmabey66@yolasite.com,Female,172.121.7.218,IR,7/25/2019,11/20/2020
224,Rica,Chad,rchad67@bigcartel.com,Female,252.56.206.252,NA,10/24/2020,5/5/2022
225,Ly,McIndrew,lmcindrew68@elegantthemes.com,Male,152.248.191.215,CA,12/27/2020,11/15/2020
226,Shawnee,Bartunek,sbartunek69@lycos.com,Female,202.250.44.196,CZ,8/31/2020,7/21/2021
227,Yvor,Clue,yclue6a@npr.org,Male,22.192.47.157,UY,3/24/2021,3/4/2021
228,Krystalle,Firle,kfirle6b@mayoclinic.com,Female,201.127.36.202,CN,6/13/2021,4/18/2021
229,Georgy,Hinsche,ghinsche6c@yelp.com,Agender,245.106.148.68,PH,8/8/2019,10/23/2021
230,Robbyn,Bumpas,rbumpas6d@mtv.com,Female,10.206.173.88,ID,2/22/2020,10/6/2020
231,Giffard,Choffin,gchoffin6e@webnode.com,Male,212.171.215.33,ID,7/19/2019,7/5/2019
232,Berkeley,Poncet,bponcet6f@icio.us,Male,96.129.167.124,CN,5/20/2019,3/6/2021
233,Dorisa,Goldston,dgoldston6g@youtu.be,Female,51.180.149.123,BR,6/13/2021,6/29/2020
234,Bud,Ormond,bormond6h@stumbleupon.com,Male,15.197.253.246,RU,2/20/2020,11/5/2019
235,Abeu,Mordecai,amordecai6i@businesswire.com,Male,116.25.100.184,KE,6/14/2021,7/13/2021
236,Gayelord,Tearney,gtearney6j@about.com,Male,207.8.121.126,SI,12/11/2020,3/23/2022
237,Sephira,Davydychev,sdavydychev6k@wired.com,Female,129.6.220.139,AR,11/7/2020,6/10/2020
238,Moe,Bagley,mbagley6l@ow.ly,Male,177.196.178.63,MX,1/28/2020,10/20/2021
239,Jerome,Zaniolini,jzaniolini6m@un.org,Male,14.226.78.174,PH,6/29/2021,4/22/2020
240,Rik,Runge,rrunge6n@altervista.org,Male,231.247.192.120,PT,9/30/2019,9/22/2019
241,Bar,Winkell,bwinkell6o@youku.com,Male,44.199.104.180,CM,7/29/2020,10/14/2019
242,Beryl,MacDearmid,bmacdearmid6p@hugedomains.com,Female,137.34.210.183,CN,1/16/2021,12/7/2019
243,,Skipton,iskipton6q@cafepress.com,Non-binary,61.226.218.186,JP,11/6/2021,10/28/2019
244,Garvin,Treece,gtreece6r@a8.net,Male,90.73.35.147,GR,2/15/2022,12/21/2020
245,Jaquelin,Nussgen,jnussgen6s@ucla.edu,Female,153.79.73.62,VE,5/27/2020,4/27/2021
246,Goldi,Gilleon,ggilleon6t@is.gd,Female,215.169.220.238,CM,3/2/2020,2/26/2021
247,Parke,Masse,pmasse6u@ft.com,Male,64.180.110.173,HT,2/22/2021,12/20/2019
248,Nicol,Dunrige,ndunrige6v@telegraph.co.uk,Female,67.44.152.7,GB,9/19/2021,8/16/2020
249,Andros,Enos,aenos6w@prnewswire.com,Genderfluid,125.5.70.152,BR,8/6/2019,10/22/2019
250,Malia,Skirlin,mskirlin6x@icq.com,Female,55.93.155.171,IT,11/20/2021,5/27/2020
251,Rutledge,Sennett,rsennett6y@tinyurl.com,Male,250.64.181.167,RU,11/12/2020,5/25/2019
252,Joyann,Hecks,jhecks6z@yahoo.com,Female,187.159.134.45,US,4/20/2020,2/14/2022
253,Mile,Hardy-Piggin,mhardypiggin70@ox.ac.uk,Male,156.122.75.182,PE,7/31/2020,9/5/2021
254,Lulita,Christley,lchristley71@cyberchimps.com,Polygender,231.135.125.228,RU,10/5/2020,1/4/2020
255,Petronille,Pretor,ppretor72@state.gov,Female,143.42.244.244,CO,9/28/2021,7/16/2020
256,Justina,Rosenau,jrosenau73@narod.ru,Female,152.188.242.184,ZA,11/12/2019,11/3/2019
257,Kellsie,Lifsey,klifsey74@webs.com,Agender,141.47.236.252,CN,2/28/2020,11/10/2019
258,Jade,Griggs,jgriggs75@gov.uk,Female,239.146.221.212,ZA,8/19/2020,4/10/2021
259,Leigha,Havelin,lhavelin76@google.ru,Female,82.144.4.191,MX,2/11/2020,10/6/2019
260,Chris,Crookston,ccrookston77@paypal.com,Female,160.76.50.217,PH,7/7/2019,12/19/2019
261,Buffy,Coulston,bcoulston78@pinterest.com,Female,255.62.55.182,BR,10/15/2021,4/11/2021
262,Cyrille,Ackerman,cackerman79@xrea.com,Genderfluid,158.170.77.181,CZ,5/20/2021,1/8/2020
263,Raynor,Cannon,rcannon7a@nymag.com,Male,33.49.255.35,CN,2/14/2020,5/14/2020
264,Jacquie,Meekings,jmeekings7b@merriam-webster.com,Female,86.67.152.106,PT,12/4/2019,10/27/2021
265,Nathalie,Draxford,ndraxford7c@squidoo.com,Female,116.2.87.24,DK,6/9/2020,1/4/2022
266,Cherye,McPhaden,cmcphaden7d@sohu.com,Genderqueer,222.74.57.49,BR,11/7/2021,4/20/2021
267,Murvyn,Bansal,mbansal7e@printfriendly.com,Male,253.120.68.99,ID,9/28/2021,11/20/2019
268,Harrie,Splain,hsplain7f@dagondesign.com,Non-binary,14.176.167.189,PH,3/11/2021,10/28/2019
269,Emmy,Metzig,emetzig7g@tripod.com,Female,44.216.40.123,CA,6/1/2019,1/28/2020
270,Nickey,Belvard,nbelvard7h@home.pl,Male,205.30.13.101,JP,1/4/2020,10/29/2020
271,Rolph,Bushel,rbushel7i@sogou.com,Male,132.46.220.234,CN,1/1/2022,10/31/2019
272,Justino,Hasell,jhasell7j@theguardian.com,Male,92.65.16.63,ID,9/7/2021,12/18/2019
273,Goldi,Bachura,gbachura7k@google.de,Female,71.182.146.208,ID,9/5/2021,4/4/2021
274,Connie,Comiskey,ccomiskey7l@arstechnica.com,Male,164.8.253.165,CN,8/4/2019,2/3/2020
275,Nettle,Chavey,nchavey7m@gizmodo.com,Female,132.152.234.253,RU,11/27/2019,9/22/2020
276,Jolee,Troup,jtroup7n@google.de,Female,4.195.207.68,RU,1/30/2022,3/16/2022
277,Marjory,Towndrow,mtowndrow7o@mail.ru,Female,134.102.159.155,CN,3/1/2021,4/9/2022
278,Lionello,Lavies,llavies7p@samsung.com,Male,175.100.38.145,MN,12/9/2020,1/27/2022
279,Calv,Reinert,creinert7q@ucoz.ru,Male,126.128.18.104,CZ,1/4/2020,1/20/2022
280,Shayne,Storr,sstorr7r@dropbox.com,Male,6.112.206.187,UA,4/22/2020,8/10/2019
281,Jocelin,Talmadge,jtalmadge7s@house.gov,Female,9.221.33.213,GR,4/18/2021,9/21/2021
282,Juli,Feavers,jfeavers7t@elegantthemes.com,Female,119.69.31.174,BR,3/27/2022,3/1/2020
283,Correy,Oxtiby,coxtiby7u@imgur.com,Male,148.50.22.172,CN,8/7/2020,10/31/2020
284,Jeffrey,Giacomuzzi,jgiacomuzzi7v@is.gd,Genderfluid,132.14.113.162,DO,9/1/2021,5/19/2019
285,Aldis,Philipsen,aphilipsen7w@huffingtonpost.com,Male,201.204.201.15,BG,10/20/2019,5/31/2020
286,Noel,Aime,naime7x@apache.org,Polygender,33.188.72.17,MY,8/20/2020,7/5/2019
287,Ole,Croston,ocroston7y@ihg.com,Male,117.174.243.0,CN,12/20/2021,10/29/2019
288,Butch,Savill,bsavill7z@irs.gov,Male,210.31.230.118,RU,4/6/2020,11/28/2021
289,Morty,Wedon,mwedon80@blogspot.com,Male,126.27.90.207,RU,7/27/2019,9/26/2020
290,Foss,Vernazza,fvernazza81@wiley.com,Male,30.199.255.122,CN,1/1/2022,4/26/2021
291,Jori,Bonhill,jbonhill82@goodreads.com,Female,221.165.135.229,CN,1/18/2022,4/12/2021
292,Gerry,Mishaw,gmishaw83@dyndns.org,Male,22.135.206.78,PT,12/27/2021,5/12/2019
293,Drona,Finker,dfinker84@phoca.cz,Female,115.3.178.92,CN,12/31/2020,2/5/2020
294,Margareta,Robelin,mrobelin85@google.com.hk,Female,192.21.155.32,PL,5/26/2021,5/7/2021
295,Vin,Cockrem,vcockrem86@geocities.com,Female,67.76.55.224,CN,10/13/2021,6/24/2019
296,Craggie,Revill,crevill87@youku.com,Male,231.70.136.124,MX,3/1/2021,7/7/2019
297,Johan,Gaskoin,jgaskoin88@canalblog.com,Male,217.212.166.214,PH,8/24/2020,2/6/2021
298,Javier,Ekins,jekins89@youtube.com,Male,148.146.71.70,QA,6/27/2019,1/18/2021
299,Jacky,Skelhorn,jskelhorn8a@spotify.com,Female,24.209.166.157,PH,4/23/2020,11/11/2021
300,Coleen,Stairmond,cstairmond8b@alexa.com,Female,195.246.175.129,EG,1/23/2020,6/17/2020
301,Pauly,Clench,pclench8c@slideshare.net,Male,91.222.166.98,MK,9/28/2020,10/21/2021
302,Nettle,Betke,nbetke8d@uiuc.edu,Female,116.225.121.175,US,9/16/2020,11/14/2021
303,Mycah,McElory,mmcelory8e@tumblr.com,Male,185.17.81.158,CN,3/16/2020,12/7/2019
304,Selig,Gutans,sgutans8f@prweb.com,Male,73.9.127.126,BY,8/31/2020,6/9/2019
305,Ab,Clark,aclark8g@com.com,Male,97.251.77.229,CN,6/13/2019,12/30/2020
306,Charles,McGebenay,cmcgebenay8h@jimdo.com,Male,53.142.10.20,PH,3/24/2021,3/16/2021
307,Rriocard,Husher,rhusher8i@bloglines.com,Male,248.152.42.73,AZ,1/17/2022,11/11/2019
308,Feliza,Imlen,fimlen8j@springer.com,Female,219.107.114.159,SY,5/28/2021,11/21/2019
309,Cris,Sharer,csharer8k@tripod.com,Polygender,23.167.139.106,FR,9/26/2021,2/23/2020
310,Cosimo,Humblestone,chumblestone8l@weebly.com,Male,247.200.219.208,EG,6/12/2020,6/13/2019
311,Gabbi,Danick,gdanick8m@arstechnica.com,Female,4.59.40.162,RU,1/1/2020,8/3/2020
312,Elana,Ingilson,eingilson8n@umn.edu,Female,144.241.224.154,PT,12/28/2019,1/26/2022
313,Etienne,Hedlestone,ehedlestone8o@nationalgeographic.com,Male,9.213.60.33,UZ,10/21/2021,8/10/2019
314,Karol,Hennemann,khennemann8p@admin.ch,Female,218.95.121.196,RU,7/4/2021,10/21/2021
315,Mechelle,Figgs,mfiggs8q@bloomberg.com,Genderfluid,83.72.93.21,CN,10/5/2021,8/31/2019
316,Morgana,Spaven,mspaven8r@yolasite.com,Female,70.4.235.2,RU,8/14/2021,12/31/2019
317,Lem,Ratchford,lratchford8s@noaa.gov,Male,44.218.24.153,US,11/17/2021,5/28/2021
318,Lauritz,Smither,lsmither8t@t-online.de,Male,252.23.255.38,PH,12/28/2020,2/1/2020
319,Flossi,Houlden,fhoulden8u@jugem.jp,Female,96.254.158.18,ID,2/27/2022,6/22/2020
320,Ring,Torvey,rtorvey8v@cdbaby.com,Male,114.12.249.202,FR,1/9/2020,2/6/2022
321,Abran,Lamont,alamont8w@nba.com,Male,34.13.68.223,CO,3/8/2021,6/14/2020
322,Halsy,Abeles,habeles8x@amazon.de,Male,51.90.236.153,LV,2/8/2021,8/29/2021
323,Anatola,Feedome,afeedome8y@cbslocal.com,Female,44.163.198.118,CN,8/12/2020,10/23/2019
324,Leonie,Wakenshaw,lwakenshaw8z@phpbb.com,Female,84.26.188.66,UA,10/8/2020,10/31/2019
325,Westbrook,Reily,wreily90@cafepress.com,Male,21.166.94.217,BR,1/16/2020,5/4/2020
326,Taite,Aggott,taggott91@techcrunch.com,Male,44.20.67.155,CN,2/15/2021,8/13/2021
327,Blane,Laverenz,blaverenz92@yahoo.co.jp,Male,150.74.95.148,CN,7/2/2019,6/23/2019
328,Candie,Tindle,ctindle93@apple.com,Female,24.213.23.201,PT,9/30/2021,6/7/2020
329,Violante,Gadault,vgadault94@bloglines.com,Female,33.42.144.252,BR,4/3/2021,5/15/2021
330,Elna,Biggerstaff,ebiggerstaff95@cnet.com,Female,217.54.106.96,BR,11/14/2019,12/26/2019
331,Bendicty,Filisov,bfilisov96@shinystat.com,Male,126.66.192.38,CN,6/30/2020,1/30/2021
332,Humphrey,Stansfield,hstansfield97@apache.org,Male,40.64.75.220,BR,12/15/2019,7/5/2020
333,Riane,Pelz,rpelz98@state.gov,Female,59.3.111.197,CN,8/9/2020,3/16/2021
334,Courtney,Southerell,csoutherell99@mit.edu,Male,123.7.69.90,PH,1/18/2020,3/14/2022
335,Leigh,Gookey,lgookey9a@cyberchimps.com,Genderqueer,213.237.25.246,NI,10/9/2021,2/8/2022
336,Claribel,Colthard,ccolthard9b@cnbc.com,Female,47.76.84.112,PL,1/10/2021,8/2/2021
337,Elfie,Annandale,eannandale9c@issuu.com,Female,134.239.63.49,CH,6/9/2020,5/14/2019
338,Sher,Detoile,sdetoile9d@opera.com,Agender,67.13.67.5,PT,4/15/2021,1/24/2021
339,Sauncho,Hauger,shauger9e@cargocollective.com,Male,131.9.191.88,CN,9/12/2019,2/3/2021
340,Octavia,Ingrey,oingrey9f@admin.ch,Female,100.132.249.241,CU,10/21/2019,10/23/2021
341,Niel,Gecke,ngecke9g@howstuffworks.com,Male,175.137.125.227,CN,9/15/2020,10/11/2020
342,Alexandro,Rupert,arupert9h@geocities.jp,Male,189.114.236.62,PH,1/13/2022,1/5/2021
343,Dido,Shottin,dshottin9i@ask.com,Female,96.63.248.73,PL,3/30/2022,9/7/2019
344,Melina,Daunter,mdaunter9j@feedburner.com,Female,28.142.74.217,OM,3/25/2022,2/28/2021
345,Irv,Jory,ijory9k@blog.com,Male,8.175.194.181,FI,2/28/2021,12/24/2019
346,Montague,Dugall,mdugall9l@umn.edu,Male,58.120.198.10,VN,8/7/2021,2/28/2022
347,Web,Leake,wleake9m@typepad.com,Male,140.240.240.101,TH,7/7/2020,12/2/2019
348,Mitchael,Sambell,msambell9n@ucoz.com,Male,253.216.232.141,CN,11/22/2021,5/9/2020
349,Sunny,Plenderleith,splenderleith9o@irs.gov,Bigender,220.106.134.53,RU,10/24/2020,4/14/2022
350,Bink,Larby,blarby9p@howstuffworks.com,Agender,106.145.206.73,PL,6/23/2019,7/4/2021
351,Adeline,Coenraets,acoenraets9q@illinois.edu,Female,85.121.223.27,FR,8/23/2020,7/24/2021
352,Alan,Kemmons,akemmons9r@alexa.com,Male,132.30.42.57,FR,10/16/2021,2/14/2022
353,Murry,Fuchs,mfuchs9s@xinhuanet.com,Bigender,253.143.227.70,IR,11/3/2020,6/26/2020
354,Denys,Mercer,dmercer9t@lycos.com,Male,84.157.87.6,PE,5/14/2019,8/1/2019
355,,Hince,khince9u@vinaora.com,Female,36.195.48.97,IT,6/6/2021,12/29/2019
356,Ulick,Noblet,unoblet9v@usnews.com,Male,34.248.200.157,BR,12/12/2019,6/17/2020
357,Fancy,I'anson,fianson9w@dailymail.co.uk,Non-binary,237.69.191.94,CN,11/19/2021,5/15/2019
358,Merle,Knutton,mknutton9x@parallels.com,Female,114.134.248.93,CN,4/3/2021,6/12/2021
359,Myrtice,Jerke,mjerke9y@newyorker.com,Female,163.243.11.8,CN,7/26/2021,9/21/2021
360,Marlo,Cayton,mcayton9z@bing.com,Female,216.179.242.44,CN,6/17/2021,2/1/2021
361,Jefferson,Mankor,jmankora0@facebook.com,Male,215.221.27.35,KI,5/3/2021,7/18/2021
362,Stearne,Yuryev,syuryeva1@ted.com,Male,236.37.127.92,PL,4/18/2020,6/17/2021
363,Cecily,Normanvell,cnormanvella2@pagesperso-orange.fr,Female,225.106.183.197,JP,7/16/2020,5/8/2022
364,Emmaline,Verrick,everricka3@google.com.br,Female,241.200.225.228,BR,2/23/2021,7/10/2019
365,Gwenni,Bennedsen,gbennedsena4@de.vu,Agender,6.144.131.210,PH,3/20/2020,7/28/2020
366,Carmina,Neal,cneala5@furl.net,Female,233.41.59.150,ZW,3/7/2020,6/1/2020
367,Ebony,Marrow,emarrowa6@woothemes.com,Female,78.21.172.130,FO,4/26/2022,6/19/2021
368,Ronnie,Rothchild,rrothchilda7@furl.net,Female,46.65.236.61,CN,1/20/2021,4/1/2022
369,Udell,Sambrok,usambroka8@homestead.com,Male,112.227.134.158,PH,5/28/2020,5/18/2020
370,Bradley,Joiris,bjoirisa9@miibeian.gov.cn,Male,203.9.136.128,AO,7/1/2019,8/8/2020
371,Douglas,Calabry,dcalabryaa@goo.gl,Male,2.252.4.213,JP,8/30/2020,10/28/2020
372,Cindy,Troy,ctroyab@nydailynews.com,Female,188.168.43.123,UA,9/26/2020,3/17/2020
373,Allison,Slyme,aslymeac@hatena.ne.jp,Female,244.2.192.90,ID,12/31/2020,1/4/2022
374,Giffer,Norgate,gnorgatead@cbslocal.com,Male,17.248.54.221,CN,5/1/2022,7/1/2019
375,Rocky,Bhatia,rbhatiaae@newsvine.com,Male,157.0.212.54,TH,4/12/2020,5/6/2021
376,Frederic,Brecken,fbreckenaf@sphinn.com,Male,130.59.165.32,PL,12/25/2020,5/28/2021
377,Krystle,Jedrzejewski,kjedrzejewskiag@ezinearticles.com,Female,174.58.10.181,DE,11/22/2019,9/27/2020
378,Rem,Brownsell,rbrownsellah@hao123.com,Male,207.98.192.183,GT,9/13/2020,6/27/2019
379,Mose,Vivian,mvivianai@tiny.cc,Male,180.199.27.152,CZ,6/2/2019,3/13/2021
380,Jocelyn,Gluyus,jgluyusaj@furl.net,Female,159.199.224.212,ID,12/24/2021,9/3/2021
381,Carola,Hinkensen,chinkensenak@cnn.com,Polygender,36.71.5.33,US,4/4/2022,10/9/2021
382,Godard,Ingerith,gingerithal@qq.com,Male,201.177.25.84,CO,3/7/2020,2/2/2022
383,Mellicent,Thairs,mthairsam@de.vu,Female,74.245.216.178,RU,12/22/2020,3/27/2022
384,Mirabelle,Tremathick,mtremathickan@infoseek.co.jp,Female,114.172.159.132,FR,9/9/2019,4/30/2022
385,Cathie,Oake,coakeao@google.com,Female,7.231.239.59,FR,8/22/2020,3/26/2022
386,Marshal,Danzig,mdanzigap@topsy.com,Male,111.158.41.210,SE,7/26/2019,2/6/2020
387,Skyler,Petigrew,spetigrewaq@marriott.com,Male,46.117.173.179,PH,5/1/2020,1/7/2021
388,Redd,Shemwell,rshemwellar@elpais.com,Genderqueer,149.221.9.201,PH,2/17/2021,3/16/2020
389,Bob,Boggas,bboggasas@china.com.cn,Male,185.106.210.217,ID,1/20/2020,12/24/2020
390,Tades,Scadding,tscaddingat@ask.com,Male,119.188.207.103,CZ,9/27/2021,4/11/2021
391,Gilburt,Macartney,gmacartneyau@forbes.com,Male,87.29.21.202,RS,1/31/2022,1/2/2021
392,Earlie,Raikes,eraikesav@microsoft.com,Male,145.109.10.186,BR,9/4/2021,2/5/2022
393,Luciano,Geratt,lgerattaw@stumbleupon.com,Male,5.134.198.51,NC,10/23/2020,6/27/2020
394,Carlynne,Landall,clandallax@dropbox.com,Female,71.123.13.217,CZ,2/15/2020,5/8/2022
395,Jacquenette,Townley,jtownleyay@cnn.com,Non-binary,113.127.39.239,CN,7/26/2021,5/19/2019
396,Fairlie,Tinniswood,ftinniswoodaz@google.de,Male,246.91.152.27,BR,2/27/2020,5/4/2021
397,Farr,Stilgoe,fstilgoeb0@bravesites.com,Male,158.25.154.74,CN,7/28/2020,5/23/2020
398,Adam,Scrimshaw,ascrimshawb1@mlb.com,Male,23.252.142.52,JP,5/17/2021,5/27/2021
399,Keene,Broomfield,kbroomfieldb2@salon.com,Male,234.150.13.81,SE,10/9/2021,2/15/2021
400,Krissie,Loggie,kloggieb3@tumblr.com,Female,190.206.87.166,PE,3/27/2021,8/18/2021
401,Abbe,Ferraron,aferraronb4@nytimes.com,Agender,196.217.115.0,CN,7/5/2021,1/18/2020
402,Elisabetta,Draycott,edraycottb5@hc360.com,Female,221.131.116.43,VI,3/15/2021,12/3/2021
403,Shem,Hastilow,shastilowb6@icq.com,Male,221.237.143.204,ID,4/26/2022,2/3/2021
404,Anabel,O'Leagham,aoleaghamb7@t.co,Female,0.200.126.34,PT,6/3/2019,3/13/2020
405,Ursa,Leal,ulealb8@vk.com,Female,54.137.158.251,ID,7/18/2019,1/31/2020
406,Humbert,Awde,hawdeb9@mapy.cz,Male,168.19.113.143,FR,12/9/2021,2/28/2020
407,Quintana,Cansdall,qcansdallba@artisteer.com,Female,173.151.212.183,CN,5/14/2019,10/27/2020
408,Dinny,Rivallant,drivallantbb@mail.ru,Female,61.149.223.167,PE,6/24/2021,2/1/2021
409,Hilliary,Romanelli,hromanellibc@youtu.be,Female,238.217.196.166,NA,10/23/2019,4/12/2020
410,Shell,Steptow,ssteptowbd@businessweek.com,Male,44.8.147.127,SD,2/9/2020,7/24/2020
411,Pearline,Marrion,pmarrionbe@google.ru,Female,156.182.149.20,MG,8/16/2021,8/25/2019
412,Florencia,Meert,fmeertbf@taobao.com,Female,5.80.94.94,NE,8/8/2020,7/9/2021
413,Harley,Laughrey,hlaughreybg@t-online.de,Male,229.19.87.95,UG,11/18/2020,11/23/2020
414,Giraldo,Cersey,gcerseybh@multiply.com,Male,122.167.171.59,AR,9/12/2021,1/7/2022
415,Nobe,Cancutt,ncancuttbi@senate.gov,Male,193.226.176.1,ID,8/18/2019,5/21/2019
416,Donaugh,Anthony,danthonybj@merriam-webster.com,Male,220.115.64.178,US,6/21/2021,4/1/2021
417,Vincent,Gateshill,vgateshillbk@imageshack.us,Male,129.74.115.179,EC,5/2/2021,9/28/2021
418,Blondie,Dominichelli,bdominichellibl@narod.ru,Female,202.129.71.171,CN,4/3/2020,3/9/2021
419,Darwin,Cromer,dcromerbm@ameblo.jp,Male,145.116.30.67,NL,12/8/2020,2/21/2022
420,Frederigo,Grunnell,fgrunnellbn@xing.com,Male,8.148.250.163,PT,1/9/2021,8/24/2019
421,Constantina,Henryson,chenrysonbo@army.mil,Female,41.116.101.44,MU,1/24/2021,5/7/2020
422,Sydel,MacNeilley,smacneilleybp@geocities.com,Female,166.201.214.214,FI,12/19/2019,8/6/2020
423,Darrel,Devil,ddevilbq@jimdo.com,Male,93.254.11.183,SL,3/30/2022,2/7/2020
424,Elane,de Almeida,edealmeidabr@cocolog-nifty.com,Female,9.248.195.20,YT,4/14/2021,1/4/2020
425,Leonardo,Leap,lleapbs@vistaprint.com,Male,130.189.55.203,IE,12/25/2020,1/13/2020
426,Aaron,Garley,agarleybt@photobucket.com,Male,127.29.245.77,MG,6/18/2021,4/16/2021
427,Kyle,Charlwood,kcharlwoodbu@wikia.com,Male,209.190.181.110,PH,3/2/2021,6/6/2021
428,Trev,Tring,ttringbv@baidu.com,Genderqueer,125.236.164.188,JP,9/8/2021,9/13/2020
429,Kristine,Oddey,koddeybw@seesaa.net,Female,51.5.196.246,AL,10/29/2021,9/6/2021
430,Vail,Daout,vdaoutbx@tripadvisor.com,Male,104.199.66.195,AF,7/29/2020,8/5/2019
431,Tilda,Gilbanks,tgilbanksby@disqus.com,Female,195.151.186.246,PE,5/4/2020,7/10/2020
432,Alfonse,Steele,asteelebz@chicagotribune.com,Agender,236.27.14.4,PT,6/2/2020,3/6/2022
433,Marv,Scrafton,mscraftonc0@tinypic.com,Male,106.119.155.222,ID,4/19/2021,5/23/2021
434,Jannelle,Bartelli,jbartellic1@rakuten.co.jp,Female,131.90.56.111,TJ,9/6/2021,9/23/2021
435,Salomone,Althorpe,salthorpec2@google.es,Male,242.72.236.139,PL,11/17/2020,1/3/2021
436,Lorena,Barrand,lbarrandc3@bigcartel.com,Female,252.211.159.9,NP,8/22/2020,10/29/2019
437,Meryl,Alsobrook,malsobrookc4@ebay.co.uk,Male,180.125.217.119,NI,11/4/2021,7/5/2021
438,Felice,Brockie,fbrockiec5@cocolog-nifty.com,Male,105.139.190.120,PE,2/20/2020,8/9/2019
439,Mikael,Malicki,mmalickic6@stumbleupon.com,Male,94.48.70.241,AL,5/14/2019,5/17/2019
440,Stacy,Stanex,sstanexc7@boston.com,Female,158.100.5.208,CO,12/21/2019,8/14/2021
441,Inigo,Dalgarnowch,idalgarnowchc8@redcross.org,Polygender,244.163.18.180,CN,7/23/2020,10/27/2019
442,Lynnette,Barstock,lbarstockc9@businesswire.com,Female,214.130.41.244,CN,11/16/2019,11/22/2021
443,Helen,Izzatt,hizzattca@a8.net,Female,41.211.14.52,PL,11/24/2020,4/13/2021
444,Larina,Copner,lcopnercb@feedburner.com,Female,114.205.229.223,UA,5/22/2020,9/3/2020
445,Ynes,Aikenhead,yaikenheadcc@dmoz.org,Genderfluid,151.160.120.61,ID,6/19/2020,12/20/2020
446,Edgard,Giraudat,egiraudatcd@bravesites.com,Male,11.22.190.100,RU,5/17/2020,1/11/2021
447,Evyn,Rubee,erubeece@java.com,Male,134.189.139.238,ID,1/13/2020,10/3/2021
448,Letta,Gaspar,lgasparcf@mtv.com,Female,143.83.229.179,CA,2/5/2022,8/10/2019
449,Ira,Gerrets,igerretscg@blogspot.com,Male,69.102.151.116,CY,4/1/2021,6/14/2019
450,Ede,Duding,edudingch@mozilla.org,Polygender,25.161.3.242,FR,5/9/2021,4/11/2020
451,Cletus,Barwise,cbarwiseci@soup.io,Male,186.116.153.108,PS,6/10/2019,4/26/2021
452,Blythe,Dacres,bdacrescj@blogspot.com,Female,26.173.3.0,RS,1/18/2021,7/10/2021
453,Alex,Crampton,acramptonck@ustream.tv,Female,180.196.55.192,LT,7/18/2020,6/20/2020
454,Sandra,Lelliott,slelliottcl@weebly.com,Female,98.152.83.181,CN,12/7/2020,8/12/2019
455,Jory,Brass,jbrasscm@java.com,Male,4.148.106.61,CN,3/11/2021,6/5/2020
456,Debi,Dales,ddalescn@weather.com,Female,33.244.154.147,ID,10/16/2020,7/7/2019
457,Stirling,Nugent,snugentco@mashable.com,Male,131.93.99.180,DO,4/23/2021,11/13/2021
458,Gaylor,Poznan,gpoznancp@angelfire.com,Male,255.122.12.107,IR,12/14/2020,1/11/2021
459,Pam,Mabee,pmabeecq@shop-pro.jp,Female,133.197.74.148,US,1/14/2021,10/9/2019
460,Tonia,Goldes,tgoldescr@artisteer.com,Female,33.43.143.118,ZA,10/31/2019,5/12/2021
461,Stanly,Hawford,shawfordcs@goo.gl,Male,221.122.82.197,FR,3/20/2021,10/19/2019
462,Nichole,Forkan,nforkanct@qq.com,Female,242.202.32.169,PL,7/4/2021,6/12/2019
463,Lefty,Braybrooke,lbraybrookecu@linkedin.com,Male,220.240.108.134,CN,2/11/2022,12/13/2021
464,Decca,Prescot,dprescotcv@disqus.com,Male,104.211.110.135,CN,5/12/2019,5/4/2021
465,Jeanie,McPeeters,jmcpeeterscw@comcast.net,Female,170.83.137.160,PH,1/12/2020,4/1/2021
466,Bernie,de Aguirre,bdeaguirrecx@alexa.com,Female,74.218.114.0,ID,4/23/2021,10/27/2021
467,Maddi,Eayres,meayrescy@reference.com,Female,20.130.212.41,AL,11/7/2020,6/13/2020
468,Raina,Dreinan,rdreinancz@meetup.com,Female,97.49.117.207,PH,5/10/2021,3/13/2022
469,Dawn,Sparshott,dsparshottd0@behance.net,Female,253.173.15.103,ID,7/1/2019,10/18/2021
470,Ric,Towson,rtowsond1@moonfruit.com,Male,44.252.83.72,GR,6/24/2020,10/11/2020
471,Fax,Morston,fmorstond2@mozilla.com,Male,142.178.199.75,ID,8/7/2020,5/5/2020
472,Tades,Lamp,tlampd3@cam.ac.uk,Male,120.93.16.204,PH,3/30/2021,6/21/2021
473,Riva,O'Scandall,roscandalld4@hp.com,Female,245.87.219.169,ID,8/3/2021,4/22/2022
474,Lonny,Larvor,llarvord5@tamu.edu,Male,90.16.82.72,MN,4/2/2021,1/16/2021
475,Dag,Willcot,dwillcotd6@ifeng.com,Male,24.8.124.239,JP,12/30/2021,9/12/2020
476,Lovell,Keener,lkeenerd7@unc.edu,Male,222.61.251.36,ID,10/22/2021,2/9/2021
477,Cheri,Jarlmann,cjarlmannd8@blogger.com,Female,222.181.102.214,ID,12/29/2020,7/20/2021
478,Ann,Kiddie,akiddied9@simplemachines.org,Female,86.19.254.232,NO,1/1/2021,7/10/2020
479,Ronalda,Waddams,rwaddamsda@networksolutions.com,Female,94.9.61.14,CN,8/7/2019,1/22/2021
480,Odelia,Habershon,ohabershondb@xrea.com,Female,238.254.146.220,AU,10/26/2020,12/22/2019
481,Constantine,Margett,cmargettdc@biglobe.ne.jp,Male,228.89.12.125,CN,10/25/2020,6/6/2020
482,Raynor,Le Sarr,rlesarrdd@eventbrite.com,Genderfluid,79.168.250.82,PH,2/25/2022,9/27/2020
483,Justin,Durning,jdurningde@vkontakte.ru,Male,101.242.137.214,PL,5/23/2020,1/10/2021
484,Marv,Astlet,mastletdf@tuttocitta.it,Male,97.248.88.194,ID,11/25/2021,1/18/2021
485,Mahalia,Tremellan,mtremellandg@newyorker.com,Female,88.48.73.131,BR,1/21/2021,8/4/2021
486,Florence,Inglese,finglesedh@histats.com,Female,154.255.159.203,CN,10/17/2021,9/23/2019
487,Richmond,Venners,rvennersdi@unc.edu,Non-binary,131.70.180.92,JP,8/13/2021,6/19/2021
488,Dorotea,Whittingham,dwhittinghamdj@cafepress.com,Female,89.13.67.157,TH,2/4/2022,7/16/2019
489,Timmy,Busst,tbusstdk@webmd.com,Male,222.8.161.144,BR,4/2/2022,4/26/2022
490,Anissa,Bartholomieu,abartholomieudl@ask.com,Female,33.146.90.64,ID,1/20/2022,7/2/2021
491,Micah,Opdenorth,mopdenorthdm@merriam-webster.com,Male,167.157.210.248,LU,1/6/2022,9/27/2019
492,,Tomasz,ktomaszdn@studiopress.com,Male,41.32.66.105,ID,7/14/2020,8/14/2020
493,Artie,Gulleford,agulleforddo@irs.gov,Male,157.56.214.150,CZ,1/15/2020,10/10/2020
494,Hurlee,Goodlad,hgoodladdp@alexa.com,Male,64.100.143.79,PA,9/7/2021,2/2/2020
495,Bethina,O'Finan,bofinandq@guardian.co.uk,Female,246.19.58.83,PL,1/13/2020,2/12/2020
496,Mechelle,Gillard,mgillarddr@dell.com,Female,149.171.213.94,UA,10/13/2021,3/27/2020
497,Nicolette,Wallworth,nwallworthds@cbc.ca,Female,189.132.214.60,KR,3/1/2022,2/23/2021
498,Elly,Werrett,ewerrettdt@ca.gov,Female,147.24.76.21,GB,11/18/2021,5/16/2019
499,Mae,Alenshev,malenshevdu@telegraph.co.uk,Female,219.1.203.164,RU,9/6/2020,8/26/2019
500,Bord,Hardin,bhardindv@samsung.com,Male,128.241.145.234,ID,3/4/2020,6/16/2020
501,Lucho,Covil,lcovildw@wunderground.com,Male,78.59.88.172,SE,12/27/2019,11/7/2020
502,Sammy,Hegges,sheggesdx@answers.com,Agender,103.152.9.149,MU,3/5/2020,4/27/2021
503,Meridith,Rosoman,mrosomandy@istockphoto.com,Female,224.83.111.61,PH,10/13/2021,6/8/2021
504,Davon,Huzzay,dhuzzaydz@typepad.com,Male,65.194.244.54,ID,10/26/2021,1/9/2020
505,Raimundo,Mateuszczyk,rmateuszczyke0@com.com,Male,109.245.28.45,BR,8/31/2019,2/10/2022
506,Philly,Towne,ptownee1@cnn.com,Female,254.166.214.128,AM,10/4/2021,6/1/2021
507,Huntlee,Grombridge,hgrombridgee2@tripadvisor.com,Male,239.31.251.236,CN,9/30/2020,4/29/2021
508,Lois,Guidini,lguidinie3@time.com,Female,141.212.23.245,CN,11/13/2019,2/27/2020
509,,Kearn,rkearne4@networksolutions.com,Non-binary,92.183.60.227,PH,11/15/2020,1/23/2021
510,Bari,Stickney,bstickneye5@noaa.gov,Female,77.90.176.84,VE,3/1/2022,5/13/2019
511,Felecia,Larter,flartere6@typepad.com,Female,90.212.89.250,PT,3/1/2021,12/28/2019
512,,Goffe,zgoffee7@qq.com,Female,54.46.128.76,CN,10/20/2019,7/2/2020
513,Tony,Chaldecott,tchaldecotte8@google.co.uk,Female,63.217.94.155,GR,10/18/2021,12/27/2020
514,Dorey,Jarnell,djarnelle9@deliciousdays.com,Male,212.254.224.2,BZ,5/29/2020,9/15/2020
515,Lazare,Brevitt,lbrevittea@chron.com,Male,203.94.250.162,CN,2/27/2021,11/11/2019
516,Carolan,Lingley,clingleyeb@lulu.com,Female,58.6.170.81,MN,1/25/2021,6/19/2020
517,Lizbeth,Trotman,ltrotmanec@behance.net,Female,160.56.206.4,FR,3/24/2022,12/13/2019
518,Sidonnie,De Dantesie,sdedantesieed@joomla.org,Female,230.62.173.17,CN,10/26/2019,7/13/2019
519,Ulberto,Greenhall,ugreenhallee@sitemeter.com,Male,250.170.149.207,JP,11/7/2019,1/4/2020
520,Hurley,Kears,hkearsef@gizmodo.com,Male,55.27.29.138,CN,5/6/2022,1/25/2020
521,Morie,Guerrieri,mguerrierieg@yahoo.co.jp,Male,35.186.2.18,CO,11/15/2020,8/3/2020
522,Kimberlyn,MacMeeking,kmacmeekingeh@wunderground.com,Female,165.64.177.152,CZ,6/29/2020,3/21/2021
523,Sissie,Vedeneev,svedeneevei@princeton.edu,Female,214.102.65.153,ID,3/29/2022,3/25/2021
524,Mickie,Franciottoi,mfranciottoiej@ucsd.edu,Male,187.26.119.197,PL,4/28/2021,1/14/2022
525,Carola,Aukland,cauklandek@purevolume.com,Female,19.43.69.174,CN,11/23/2020,9/28/2020
526,Hastings,Fabri,hfabriel@nbcnews.com,Male,144.187.25.59,KZ,6/9/2021,3/19/2021
527,Sollie,Ellesmere,sellesmereem@google.co.jp,Male,207.236.10.34,GT,12/7/2021,8/24/2020
528,Randie,Jachimiak,rjachimiaken@behance.net,Male,176.240.219.252,CN,9/14/2020,2/18/2022
529,Joan,Marryatt,jmarryatteo@opera.com,Female,243.36.151.227,ID,3/27/2020,2/24/2021
530,Kenna,Mustoe,kmustoeep@webnode.com,Female,39.92.124.51,CN,12/5/2021,6/18/2019
531,Norine,Bater,nbatereq@tamu.edu,Female,155.88.20.120,ID,2/4/2022,7/19/2020
532,Bryna,Ewings,bewingser@geocities.com,Female,51.124.9.196,CN,6/14/2019,11/24/2020
533,Manfred,Duffy,mduffyes@mac.com,Male,233.234.160.105,PL,9/22/2019,11/26/2020
534,Harley,Bryett,hbryettet@prweb.com,Genderfluid,7.9.182.48,CN,5/3/2021,4/21/2020
535,Lenna,Solway,lsolwayeu@com.com,Female,49.35.71.33,RU,11/9/2019,9/22/2019
536,Fidel,Marskell,fmarskellev@jigsy.com,Male,90.213.7.234,CN,10/3/2020,12/17/2021
537,Margie,McMeanma,mmcmeanmaew@cdbaby.com,Female,88.0.175.57,GL,8/31/2021,7/31/2019
538,Alford,Chawner,achawnerex@yelp.com,Male,17.137.184.170,ID,2/5/2022,10/19/2020
539,Catlin,Filchakov,cfilchakovey@ed.gov,Female,92.90.209.183,CR,8/18/2019,9/2/2021
540,Micah,Hatzar,mhatzarez@umich.edu,Male,29.8.226.2,BO,8/31/2021,5/30/2020
541,Paola,Koenraad,pkoenraadf0@usa.gov,Female,137.36.199.135,CN,7/16/2019,3/28/2022
542,Amandie,Postins,apostinsf1@bandcamp.com,Female,211.226.127.236,ID,7/30/2020,6/4/2019
543,Paquito,Sibbald,psibbaldf2@privacy.gov.au,Male,47.163.211.188,PK,7/18/2020,10/13/2019
544,Gasper,Drew,gdrewf3@friendfeed.com,Male,223.24.31.176,SL,3/11/2020,8/2/2021
545,Alejandrina,Keogh,akeoghf4@g.co,Female,202.58.249.140,CN,2/9/2022,7/19/2019
546,Solly,Persian,spersianf5@uiuc.edu,Male,24.43.145.210,FR,9/29/2021,7/12/2019
547,Bellina,Messier,bmessierf6@wp.com,Female,225.14.170.39,MT,5/27/2021,12/2/2020
548,Staci,Mateo,smateof7@cdbaby.com,Genderfluid,86.2.175.70,ID,4/27/2021,6/17/2021
549,Ezri,Holmyard,eholmyardf8@umich.edu,Male,221.90.142.87,CN,7/20/2020,2/9/2020
550,Camel,Vivian,cvivianf9@istockphoto.com,Female,253.48.9.145,ES,10/31/2021,12/1/2020
551,Berne,Houltham,bhoulthamfa@google.pl,Male,217.194.177.224,CN,5/18/2021,12/16/2019
552,Rosalia,Sextone,rsextonefb@businessinsider.com,Genderqueer,140.140.128.52,PH,8/19/2020,11/13/2020
553,Giraldo,Thomsen,gthomsenfc@i2i.jp,Male,108.184.113.235,PL,10/8/2021,1/15/2021
554,Torrey,Fildery,tfilderyfd@merriam-webster.com,Male,136.191.180.3,BG,1/5/2022,8/22/2019
555,Garvy,Reed,greedfe@google.de,Male,83.211.63.112,PT,9/24/2020,10/16/2020
556,Wendie,Stitcher,wstitcherff@youtu.be,Female,236.243.78.250,PH,10/26/2021,1/2/2020
557,Frannie,Jime,fjimefg@spotify.com,Female,38.184.111.83,FR,10/20/2021,5/22/2019
558,Katuscha,Oulett,koulettfh@google.com.au,Female,189.29.237.146,PA,7/13/2019,4/25/2020
559,Aldwin,Le Franc,alefrancfi@edublogs.org,Male,10.173.155.136,IQ,12/19/2021,11/29/2021
560,Alyce,Eymer,aeymerfj@shinystat.com,Female,153.174.241.104,RU,3/13/2022,7/20/2021
561,Wait,Goulborn,wgoulbornfk@abc.net.au,Male,58.236.43.42,PE,9/25/2021,4/11/2021
562,Shaughn,Rapsey,srapseyfl@hubpages.com,Male,177.183.215.96,GW,9/27/2020,1/26/2021
563,Ebonee,Yoskowitz,eyoskowitzfm@github.com,Non-binary,129.208.11.22,ID,5/18/2021,5/22/2020
564,Lewie,Abramow,labramowfn@usatoday.com,Genderfluid,150.174.198.242,CN,4/19/2020,4/2/2020
565,Suellen,Ferrandez,sferrandezfo@harvard.edu,Female,72.230.87.227,BR,6/7/2021,9/29/2021
566,Willa,Ethridge,wethridgefp@chron.com,Female,93.121.171.145,PH,8/9/2020,11/14/2021
567,Stefan,Mogridge,smogridgefq@cloudflare.com,Male,42.58.113.178,CN,6/22/2020,12/11/2019
568,Liana,Rickford,lrickfordfr@delicious.com,Female,60.94.172.113,GH,7/14/2019,10/24/2021
569,Salvatore,Setford,ssetfordfs@opensource.org,Male,131.222.244.224,PH,10/29/2021,2/25/2022
570,Jamil,Lumby,jlumbyft@aboutads.info,Bigender,218.188.27.150,KG,1/15/2022,10/11/2021
571,Cristy,Jinkin,cjinkinfu@booking.com,Female,253.171.116.104,BR,12/26/2020,11/21/2020
572,Salvador,Maestro,smaestrofv@mashable.com,Male,86.211.247.250,CN,4/1/2022,12/20/2021
573,Johny,Swait,jswaitfw@hc360.com,Male,218.14.250.2,IR,12/18/2020,7/24/2020
574,Brew,Bulstrode,bbulstrodefx@meetup.com,Male,42.183.49.248,BR,2/11/2021,10/22/2020
575,,Vearnals,fvearnalsfy@reuters.com,Female,54.126.114.80,CN,4/18/2021,5/5/2022
576,Bank,Hardwidge,bhardwidgefz@youtu.be,Male,249.3.213.186,GE,12/2/2019,11/14/2020
577,Rayna,Desforges,rdesforgesg0@typepad.com,Female,224.164.203.140,ID,6/5/2021,4/25/2021
578,Brinna,Bing,bbingg1@friendfeed.com,Female,27.159.120.123,BR,11/7/2020,2/25/2020
579,Rivalee,Godfree,rgodfreeg2@zdnet.com,Female,175.121.132.115,CN,4/20/2020,10/3/2019
580,Sherwynd,Saenz,ssaenzg3@yandex.ru,Male,72.98.57.94,CA,7/27/2019,7/4/2021
581,Grata,Hotton,ghottong4@ameblo.jp,Female,156.20.150.128,FR,5/20/2020,2/5/2020
582,Audrye,Corkel,acorkelg5@goo.ne.jp,Female,206.163.235.16,CN,9/24/2020,10/20/2020
583,Crawford,Bacup,cbacupg6@noaa.gov,Polygender,2.172.156.166,SE,6/20/2020,4/25/2021
584,Alexandros,MacMarcuis,amacmarcuisg7@wikipedia.org,Male,202.221.22.180,US,11/28/2020,12/26/2021
585,Lockwood,Beauman,lbeaumang8@qq.com,Male,165.78.55.220,BR,12/13/2020,2/11/2022
586,Teador,Orridge,torridgeg9@wikipedia.org,Male,102.122.252.101,RU,8/10/2019,2/20/2022
587,Olivia,Buxsey,obuxseyga@youtube.com,Female,152.176.86.81,PT,6/9/2021,10/27/2019
588,Renato,Oats,roatsgb@sohu.com,Male,160.158.180.213,VN,9/14/2020,4/24/2021
589,Evonne,Mortlock,emortlockgc@arstechnica.com,Female,189.148.240.151,PH,5/15/2020,8/15/2020
590,Shela,Garoghan,sgaroghangd@yahoo.co.jp,Female,185.0.31.73,TH,5/20/2019,4/26/2022
591,Reed,Crecy,rcrecyge@ezinearticles.com,Male,85.219.2.197,CZ,9/8/2019,2/8/2021
592,Cly,Tison,ctisongf@is.gd,Male,100.173.39.118,CN,2/13/2021,1/14/2020
593,Ashia,Franz,afranzgg@oakley.com,Female,28.5.112.210,CN,3/6/2020,1/12/2021
594,Willabella,Samart,wsamartgh@blogger.com,Female,65.39.137.100,PH,9/19/2020,9/1/2021
595,Ollie,Eldredge,oeldredgegi@google.es,Genderqueer,153.47.90.243,ID,7/21/2020,6/30/2020
596,Bern,Blaydes,bblaydesgj@xrea.com,Male,138.141.48.5,ID,4/6/2022,3/9/2021
597,Kandace,Boutcher,kboutchergk@rediff.com,Female,171.167.240.109,BR,9/16/2019,6/15/2019
598,Hank,Frend,hfrendgl@edublogs.org,Male,27.79.175.204,EC,9/28/2019,2/19/2020
599,Vivienne,Mullins,vmullinsgm@hibu.com,Female,206.226.9.233,US,11/19/2020,12/17/2019
600,Nona,Mance,nmancegn@nyu.edu,Female,116.130.168.0,SV,12/19/2020,11/26/2021
601,Kermy,Luckcuck,kluckcuckgo@yolasite.com,Male,47.149.252.91,PT,8/10/2019,1/29/2020
602,Thedric,Ellcome,tellcomegp@alibaba.com,Male,129.93.147.219,PT,8/22/2021,3/10/2021
603,Kissee,Olden,koldengq@umich.edu,Female,196.117.234.17,HR,1/3/2021,8/23/2021
604,Genna,Frankis,gfrankisgr@cisco.com,Female,237.8.155.104,CN,7/27/2019,12/16/2021
605,Marrissa,Avory,mavorygs@comcast.net,Genderqueer,9.122.36.233,VN,2/2/2020,1/30/2021
606,Alvis,Ghione,aghionegt@baidu.com,Male,4.148.114.213,CR,5/18/2019,9/14/2021
607,Barthel,Loughhead,bloughheadgu@usa.gov,Male,41.2.31.254,BR,5/19/2019,6/26/2019
608,Sabina,Houldin,shouldingv@unc.edu,Female,167.24.189.168,FR,12/9/2020,10/1/2019
609,Muffin,Desbrow,mdesbrowgw@sfgate.com,Non-binary,15.157.166.148,RU,9/21/2020,3/1/2020
610,Krishnah,Menicomb,kmenicombgx@usa.gov,Polygender,73.156.109.151,GB,6/3/2019,1/27/2022
611,Nealson,McFfaden,nmcffadengy@microsoft.com,Male,99.246.213.94,PT,6/4/2020,11/23/2019
612,Michael,Tanser,mtansergz@ucoz.com,Male,130.125.191.52,SY,4/11/2022,12/31/2020
613,Merrie,Alves,malvesh0@nih.gov,Female,53.128.200.64,CN,4/12/2020,12/28/2020
614,Casar,Parrott,cparrotth1@nature.com,Male,15.158.148.67,VE,12/30/2021,6/6/2019
615,Elberta,Grevatt,egrevatth2@illinois.edu,Female,113.88.216.63,PH,2/9/2021,10/14/2020
616,Araldo,Klich,aklichh3@amazon.co.uk,Male,92.44.250.253,CN,2/5/2020,11/6/2020
617,Fredra,Summersby,fsummersbyh4@artisteer.com,Genderqueer,153.109.14.213,PE,3/31/2022,4/24/2021
618,Hadleigh,Pryke,hprykeh5@newsvine.com,Male,240.220.152.6,BR,8/21/2020,9/1/2020
619,Stirling,Matousek,smatousekh6@samsung.com,Male,6.48.200.49,CZ,1/12/2020,11/7/2020
620,Babara,Boch,bbochh7@zimbio.com,Female,233.240.210.206,JP,6/17/2021,12/4/2019
621,Hailee,Neylon,hneylonh8@scientificamerican.com,Female,240.237.13.9,PH,4/4/2022,4/7/2022
622,Link,Battabee,lbattabeeh9@naver.com,Male,217.192.114.91,ET,5/22/2020,8/19/2020
623,Somerset,Lerohan,slerohanha@illinois.edu,Male,112.170.158.253,CN,2/27/2020,3/13/2021
624,Annabell,Elcomb,aelcombhb@google.ca,Female,66.165.12.236,JP,3/7/2022,10/20/2020
625,Lannie,Tosh,ltoshhc@amazon.de,Male,49.248.209.189,RU,11/30/2021,5/24/2021
626,Ofilia,Weippert,oweipperthd@mozilla.org,Female,87.60.103.61,BR,12/23/2019,5/2/2020
627,Jody,Pavlenkov,jpavlenkovhe@shareasale.com,Female,101.47.214.156,RU,12/1/2021,1/9/2020
628,Frances,Fordyce,ffordycehf@cbc.ca,Genderfluid,237.143.70.30,ID,8/7/2021,3/19/2020
629,Freddy,Lithcow,flithcowhg@thetimes.co.uk,Female,48.223.211.86,PE,7/22/2019,3/13/2020
630,Callie,Basil,cbasilhh@chronoengine.com,Female,227.89.56.131,CZ,1/26/2022,1/23/2021
631,Angel,Danelet,adanelethi@smugmug.com,Female,82.8.245.92,PL,12/13/2019,8/28/2021
632,Gladi,Mordey,gmordeyhj@google.es,Female,184.33.46.249,CH,9/11/2019,7/5/2020
633,Aggi,Faro,afarohk@purevolume.com,Female,232.60.171.135,HR,9/30/2020,7/1/2020
634,Yancy,Elcum,yelcumhl@jigsy.com,Male,171.227.57.234,BR,6/25/2020,10/11/2019
635,Thurston,Lukasik,tlukasikhm@ftc.gov,Male,72.201.71.29,TH,5/5/2022,1/26/2021
636,Cesya,Guerner,cguernerhn@mtv.com,Female,101.83.62.207,PT,1/19/2022,10/9/2020
637,Aksel,Lightwood,alightwoodho@123-reg.co.uk,Male,188.90.106.104,ID,10/18/2020,6/18/2021
638,Robinson,Beever,rbeeverhp@list-manage.com,Male,192.237.186.127,US,9/26/2019,4/26/2020
639,Travus,Algar,talgarhq@tinypic.com,Male,88.51.220.125,CN,2/11/2020,8/19/2019
640,Walther,Love,wlovehr@cargocollective.com,Male,98.208.1.152,CN,8/19/2020,7/6/2020
641,Chris,Maytom,cmaytomhs@boston.com,Female,14.5.133.39,CN,1/27/2022,11/29/2019
642,Nisse,Haddock,nhaddockht@springer.com,Female,246.184.204.110,NL,11/14/2020,6/3/2019
643,Juline,Cantos,jcantoshu@wired.com,Female,28.107.37.104,PH,5/30/2020,10/30/2021
644,Chadd,Bassil,cbassilhv@google.pl,Male,37.158.162.3,RU,8/11/2020,3/16/2020
645,Philippine,Barracks,pbarrackshw@hubpages.com,Female,100.65.117.193,PL,4/9/2022,7/11/2019
646,Johnathon,Yglesia,jyglesiahx@wikimedia.org,Male,47.54.232.32,US,6/15/2019,9/30/2021
647,Ursa,Hofner,uhofnerhy@globo.com,Female,215.103.142.71,LB,3/3/2020,9/18/2021
648,Liva,Haggleton,lhaggletonhz@theatlantic.com,Female,167.181.55.192,PH,2/7/2020,2/13/2021
649,Hill,Pikhno,hpikhnoi0@wiley.com,Male,233.217.3.22,KR,10/5/2019,10/6/2019
650,Tye,Isard,tisardi1@google.com,Male,24.227.215.202,AR,6/4/2019,11/30/2019
651,,Fayne,hfaynei2@mail.ru,Female,175.156.185.62,NL,11/26/2020,12/11/2020
652,Osborn,MacGoun,omacgouni3@icq.com,Male,242.102.168.131,TN,7/14/2020,5/16/2021
653,Chiquita,Cable,ccablei4@chron.com,Female,137.177.167.108,RU,1/14/2022,10/17/2020
654,Dulcie,Huikerby,dhuikerbyi5@google.pl,Female,129.170.36.176,CZ,2/28/2021,8/21/2019
655,Latashia,Wagnerin,lwagnerini6@t.co,Female,44.82.226.11,IR,7/10/2020,8/22/2021
656,Bern,Hing,bhingi7@imgur.com,Male,152.230.186.127,US,8/5/2019,1/25/2021
657,Ingeborg,Aucock,iaucocki8@tinypic.com,Female,85.63.125.94,LR,9/26/2019,4/25/2022
658,Griswold,Sushams,gsushamsi9@elegantthemes.com,Male,195.103.121.156,CN,2/28/2022,7/21/2020
659,Adan,Goldson,agoldsonia@auda.org.au,Male,143.175.69.98,CA,3/28/2020,2/21/2020
660,Louisette,Larkby,llarkbyib@disqus.com,Female,123.89.18.83,DO,1/28/2021,2/8/2021
661,Carmelle,Anker,cankeric@mayoclinic.com,Female,137.199.52.221,US,1/29/2022,9/1/2019
662,Carce,Neill,cneillid@delicious.com,Male,74.197.217.14,JP,3/22/2020,9/14/2019
663,Tiffani,Purry,tpurryie@ocn.ne.jp,Female,114.193.23.215,SE,6/7/2021,10/23/2021
664,Ethan,Baldoni,ebaldoniif@blog.com,Polygender,254.199.62.229,PA,8/8/2021,10/22/2019
665,Richard,Joselson,rjoselsonig@tripod.com,Non-binary,58.242.6.10,CN,10/29/2021,4/5/2020
666,Jen,Blampey,jblampeyih@hatena.ne.jp,Female,225.9.81.113,AR,3/5/2021,1/9/2022
667,Homere,Mosedill,hmosedillii@amazon.co.uk,Male,228.102.45.33,RS,10/24/2020,1/10/2020
668,Ximenes,Walcar,xwalcarij@cloudflare.com,Bigender,108.172.37.25,ID,7/11/2020,5/17/2020
669,Kristine,Bernasek,kbernasekik@sfgate.com,Female,173.205.70.113,CN,6/27/2021,4/25/2020
670,Francene,Woodward,fwoodwardil@army.mil,Female,165.109.12.11,PT,10/4/2019,6/16/2021
671,Mufinella,Lennon,mlennonim@flavors.me,Female,17.69.157.246,LT,5/27/2019,10/17/2019
672,Granthem,Rodenborch,grodenborchin@meetup.com,Male,129.13.79.227,PT,4/27/2020,10/14/2019
673,Millisent,Tyndall,mtyndallio@tripadvisor.com,Female,189.210.159.2,PH,5/1/2021,9/8/2019
674,Gusella,Barbour,gbarbourip@nature.com,Female,134.42.103.51,RU,11/11/2020,5/13/2021
675,John,Bool,jbooliq@cornell.edu,Male,25.125.155.143,CN,11/15/2021,4/9/2022
676,Peterus,Huggins,phugginsir@livejournal.com,Male,192.128.132.146,UA,9/11/2021,11/17/2021
677,Gal,Knoles,gknolesis@marketwatch.com,Male,70.50.94.41,BO,5/19/2020,7/18/2020
678,Antin,Stathor,astathorit@tumblr.com,Genderfluid,181.148.156.25,PL,6/29/2020,10/26/2019
679,Kippie,Benda,kbendaiu@aboutads.info,Female,18.36.26.107,ID,12/3/2021,1/7/2021
680,Jennette,Westberg,jwestbergiv@blogs.com,Female,245.195.185.11,BR,12/21/2020,1/22/2022
681,Dionne,Boxell,dboxelliw@comcast.net,Polygender,218.60.152.57,GN,9/10/2021,3/6/2020
682,Lacie,Restieaux,lrestieauxix@unc.edu,Female,249.73.39.221,AU,6/1/2021,4/18/2022
683,Rosaline,Rope,rropeiy@youtube.com,Bigender,220.188.133.248,CN,1/5/2020,6/3/2019
684,Lebbie,Marr,lmarriz@google.pl,Female,18.46.215.131,CZ,12/1/2019,11/23/2021
685,Leeland,Cristoferi,lcristoferij0@usa.gov,Bigender,102.112.50.67,ID,5/18/2019,12/2/2019
686,Ashleigh,Harrowsmith,aharrowsmithj1@meetup.com,Female,69.224.209.170,LV,5/30/2019,4/17/2020
687,Clerissa,Rand,crandj2@irs.gov,Female,39.219.111.108,ID,1/19/2022,6/10/2020
688,Tammy,Tucknutt,ttucknuttj3@comcast.net,Male,65.255.17.255,CN,5/21/2020,6/25/2021
689,Melisent,Le Quesne,mlequesnej4@latimes.com,Female,28.252.186.33,RU,7/11/2020,11/5/2021
690,Dorella,Ellicock,dellicockj5@4shared.com,Female,226.181.124.64,PH,8/4/2020,7/28/2020
691,Donalt,Pessler,dpesslerj6@cafepress.com,Male,134.78.67.78,RU,7/3/2020,5/5/2021
692,Kerrill,Bruun,kbruunj7@i2i.jp,Female,197.198.159.19,NA,1/15/2022,8/30/2019
693,Arv,Brimm,abrimmj8@youku.com,Male,56.161.42.33,RU,7/1/2021,1/10/2021
694,Amalea,Drohan,adrohanj9@cisco.com,Female,235.144.224.104,BR,11/14/2020,10/15/2021
695,Brittne,Iozefovich,biozefovichja@ezinearticles.com,Female,223.12.9.25,BR,10/23/2021,7/1/2021
696,Torie,Sawyers,tsawyersjb@howstuffworks.com,Female,164.120.241.22,SE,7/5/2020,3/21/2022
697,Olivie,Dacre,odacrejc@privacy.gov.au,Female,126.44.142.49,CH,12/2/2021,6/19/2019
698,Amery,Bewick,abewickjd@reference.com,Male,67.189.247.119,BR,5/26/2020,4/12/2022
699,Saxe,Huriche,shuricheje@epa.gov,Male,17.188.130.134,PT,3/20/2022,7/16/2020
700,Tibold,Helliar,thelliarjf@php.net,Male,163.21.189.250,MD,12/31/2019,1/26/2020
701,Nadine,Sautter,nsautterjg@sogou.com,Female,132.218.12.90,ID,10/12/2019,4/15/2020
702,Lainey,Waistell,lwaistelljh@posterous.com,Genderqueer,53.208.112.221,CN,7/22/2019,10/6/2019
703,Nonah,Milier,nmilierji@purevolume.com,Female,246.48.224.221,CN,3/26/2020,7/18/2019
704,Evanne,Barzen,ebarzenjj@abc.net.au,Female,37.207.66.3,BA,2/16/2020,3/7/2021
705,Yehudi,Mabley,ymableyjk@nps.gov,Male,218.117.112.198,DO,4/7/2021,6/20/2021
706,Matthieu,Oakhill,moakhilljl@cdc.gov,Male,77.61.246.173,ID,10/3/2019,2/5/2022
707,Orelie,Davidge,odavidgejm@irs.gov,Genderfluid,104.130.171.243,BR,8/21/2021,12/4/2021
708,Reg,Kail,rkailjn@nifty.com,Male,54.153.87.152,RU,3/30/2022,11/14/2020
709,,Drayson,sdraysonjo@sciencedirect.com,Male,116.111.185.27,RU,12/2/2021,6/15/2020
710,Lemmie,Griswaite,lgriswaitejp@scribd.com,Male,251.210.201.96,ID,12/25/2019,4/20/2022
711,Lu,Pedracci,lpedraccijq@paginegialle.it,Female,74.6.156.6,MX,3/10/2020,10/26/2020
712,Locke,Leif,lleifjr@patch.com,Male,217.182.49.212,VN,4/16/2021,2/12/2020
713,Agathe,Abbess,aabbessjs@twitter.com,Female,104.36.145.158,KR,3/11/2021,6/2/2019
714,Holly,Trimble,htrimblejt@rambler.ru,Female,1.53.19.12,SE,3/3/2021,6/3/2021
715,Byran,Killelay,bkillelayju@va.gov,Male,19.8.15.165,PH,11/14/2020,9/6/2021
716,Hazlett,Lanegran,hlanegranjv@netlog.com,Male,32.80.111.154,ZW,9/18/2020,4/26/2022
717,Joyann,Pennings,jpenningsjw@ucoz.com,Female,182.142.137.125,XK,2/3/2022,7/23/2019
718,Vladimir,Feltham,vfelthamjx@sciencedirect.com,Male,109.24.98.144,FR,10/27/2020,4/6/2020
719,Merilee,Reid,mreidjy@engadget.com,Female,146.147.42.140,ID,12/1/2021,12/30/2020
720,Francois,Weatherell,fweatherelljz@cdbaby.com,Male,56.187.139.98,US,4/15/2020,11/29/2021
721,Ursala,Manneville,umannevillek0@t-online.de,Female,63.99.106.11,PT,5/19/2020,1/20/2021
722,Sylas,Valentin,svalentink1@nyu.edu,Male,185.154.115.206,CN,10/26/2021,5/6/2022
723,Jewelle,Tuffey,jtuffeyk2@narod.ru,Female,0.127.123.13,VE,8/19/2021,9/20/2021
724,Bertie,Jewiss,bjewissk3@cisco.com,Female,119.73.16.250,FR,5/29/2020,5/27/2020
725,Kimball,Rawe,krawek4@purevolume.com,Male,173.214.171.124,PT,7/20/2021,11/14/2021
726,Agustin,Westrip,awestripk5@slashdot.org,Male,113.211.38.197,KZ,12/27/2021,3/7/2021
727,Gayle,Dawks,gdawksk6@nih.gov,Male,41.95.26.114,CN,6/19/2021,10/8/2021
728,Liz,Matsell,lmatsellk7@thetimes.co.uk,Female,42.118.11.200,CN,10/27/2019,10/21/2021
729,Eal,Dubois,eduboisk8@artisteer.com,Male,214.62.137.19,JO,11/8/2021,9/18/2021
730,Aguistin,Winmill,awinmillk9@ucoz.ru,Male,140.116.82.141,PT,3/11/2022,10/1/2020
731,Neil,MacHostie,nmachostieka@e-recht24.de,Male,64.158.253.126,PL,10/18/2021,1/24/2020
732,Ruddy,Golden of Ireland,rgoldenofirelandkb@wikispaces.com,Male,72.81.245.45,GT,7/16/2019,9/9/2019
733,Burgess,Gillebride,bgillebridekc@hhs.gov,Male,35.61.40.53,AR,5/9/2020,1/22/2022
734,Adolphe,Simacek,asimacekkd@feedburner.com,Male,37.177.232.137,AR,10/21/2020,10/17/2020
735,Charles,Troker,ctrokerke@google.co.jp,Male,80.191.28.34,RU,5/3/2022,7/25/2019
736,Lowrance,Keets,lkeetskf@reference.com,Male,234.150.79.19,PH,8/7/2021,11/18/2020
737,Lulita,Aldred,laldredkg@eepurl.com,Female,34.127.230.70,BG,9/22/2020,6/23/2021
738,Appolonia,Dobbs,adobbskh@examiner.com,Female,127.30.216.117,LK,2/1/2020,7/5/2019
739,Orland,Readwing,oreadwingki@nps.gov,Male,12.158.67.179,CN,4/13/2020,10/10/2020
740,Ruben,Harwell,rharwellkj@foxnews.com,Male,57.43.47.120,ET,10/19/2020,2/1/2022
741,Aprilette,Marsh,amarshkk@purevolume.com,Female,97.65.37.99,EG,6/25/2020,4/17/2020
742,Tobiah,Clear,tclearkl@army.mil,Male,30.138.141.144,GA,1/8/2020,3/6/2021
743,Mattie,Iiannoni,miiannonikm@earthlink.net,Female,14.71.255.251,BR,1/5/2022,5/30/2019
744,Mordecai,Murrum,mmurrumkn@ed.gov,Male,29.201.145.63,MG,8/17/2021,12/7/2020
745,Neddie,Jeffrey,njeffreyko@hibu.com,Male,19.28.255.103,CN,8/25/2020,3/25/2022
746,Mary,Bunhill,mbunhillkp@blogtalkradio.com,Female,79.95.16.59,RU,9/28/2021,7/5/2019
747,Ivy,Rose,irosekq@clickbank.net,Female,201.236.156.5,CA,12/15/2020,3/13/2020
748,Sibbie,Shevels,sshevelskr@wsj.com,Female,163.52.86.131,BR,7/2/2019,2/25/2020
749,Tiffy,Osboldstone,tosboldstoneks@taobao.com,Female,125.112.43.242,PH,9/15/2021,8/9/2020
750,Julius,Winsor,jwinsorkt@wix.com,Male,255.62.225.90,HR,5/1/2020,9/8/2020
751,Jeremias,Buckie,jbuckieku@phpbb.com,Male,58.20.60.135,CN,2/22/2021,11/8/2021
752,Raynell,Dye,rdyekv@usgs.gov,Female,69.31.171.253,CF,9/29/2019,7/24/2020
753,Helaine,Scanlan,hscanlankw@netlog.com,Female,28.127.195.144,ID,4/29/2020,10/28/2019
754,Bee,Wahlberg,bwahlbergkx@sfgate.com,Agender,223.254.95.186,CN,9/20/2019,1/14/2020
755,Eolanda,Lunny,elunnyky@mapquest.com,Female,199.44.92.16,PH,5/6/2020,10/26/2021
756,Godfry,Pittford,gpittfordkz@kickstarter.com,Male,11.105.38.156,RU,12/9/2019,2/4/2022
757,Graham,Tayler,gtaylerl0@army.mil,Male,18.132.140.248,AM,10/28/2019,2/13/2022
758,Nevins,Leicester,nleicesterl1@t-online.de,Male,163.128.17.199,KR,11/16/2020,11/20/2019
759,Marta,Courtese,mcourtesel2@last.fm,Female,255.182.255.12,PH,12/14/2020,11/20/2020
760,Rees,Snookes,rsnookesl3@amazon.co.uk,Male,32.131.242.233,ID,5/3/2020,6/26/2019
761,Kingsley,Mawdsley,kmawdsleyl4@bloglines.com,Male,69.63.150.141,CN,9/7/2021,6/11/2020
762,Julie,Wittey,jwitteyl5@behance.net,Male,164.251.39.213,CN,7/20/2020,12/4/2019
763,Stanford,Maypes,smaypesl6@odnoklassniki.ru,Male,156.205.247.219,RU,11/19/2020,9/15/2019
764,Dolph,Cankett,dcankettl7@amazon.co.jp,Male,152.232.224.154,GR,1/10/2021,3/11/2020
765,Dimitry,Burmaster,dburmasterl8@pbs.org,Male,16.243.45.195,RU,9/5/2021,1/20/2020
766,Laetitia,Freckingham,lfreckinghaml9@over-blog.com,Female,15.135.175.70,DO,11/23/2019,12/2/2019
767,Bondie,Salandino,bsalandinola@cnet.com,Male,47.172.84.189,SE,11/16/2019,8/5/2020
768,Galvan,Branson,gbransonlb@wsj.com,Male,204.169.161.195,IR,12/29/2020,12/30/2019
769,Imelda,Newcombe,inewcombelc@nydailynews.com,Female,121.118.121.1,RS,10/18/2020,11/13/2020
770,Bunny,Lewsie,blewsield@theatlantic.com,Female,36.211.160.89,PH,2/8/2020,6/11/2019
771,Tallulah,Blaszczak,tblaszczakle@intel.com,Female,181.114.4.216,PL,4/2/2021,6/7/2019
772,Friedrich,Balazin,fbalazinlf@geocities.com,Male,210.23.80.7,CN,12/28/2020,5/18/2019
773,Cornelle,Leidecker,cleideckerlg@yellowpages.com,Female,55.223.118.180,KZ,11/22/2019,10/29/2021
774,Juieta,Hylden,jhyldenlh@mayoclinic.com,Female,214.163.204.20,ID,12/7/2020,3/27/2021
775,Melodie,Leamy,mleamyli@360.cn,Female,155.47.38.45,PH,3/24/2020,4/9/2022
776,Dorrie,Draijer,ddraijerlj@alexa.com,Female,41.53.19.106,NL,4/30/2022,3/13/2020
777,Con,Attrill,cattrilllk@hao123.com,Male,34.26.149.105,SI,9/28/2020,9/21/2019
778,Silvain,Nolli,snollill@netlog.com,Male,18.238.47.167,PT,9/12/2021,5/20/2019
779,Garnette,Barendtsen,gbarendtsenlm@tripod.com,Bigender,113.165.74.239,CN,6/10/2020,1/24/2021
780,Alfonse,Bunyan,abunyanln@eventbrite.com,Male,29.27.4.98,FR,6/26/2021,2/14/2021
781,Lurette,Cunah,lcunahlo@quantcast.com,Female,71.54.158.147,CA,6/27/2021,6/27/2020
782,Heloise,Pancoast,hpancoastlp@bluehost.com,Female,75.228.216.223,ZM,5/26/2021,5/16/2020
783,Sonya,Mingardi,smingardilq@cmu.edu,Agender,236.32.186.86,US,9/27/2020,5/15/2020
784,Mersey,Gowland,mgowlandlr@walmart.com,Female,216.55.231.102,EC,1/22/2020,11/3/2019
785,Lilllie,D'Ambrogi,ldambrogils@linkedin.com,Female,84.144.129.252,RU,7/5/2019,7/1/2020
786,Andi,Peattie,apeattielt@google.ru,Female,250.98.253.43,CN,3/30/2022,4/2/2020
787,Crosby,Caws,ccawslu@unesco.org,Male,153.166.95.7,CD,10/21/2020,8/18/2021
788,Arie,Riggert,ariggertlv@hugedomains.com,Male,242.29.36.120,BR,4/17/2022,6/14/2019
789,Arturo,Guillon,aguillonlw@senate.gov,Male,147.68.104.211,CN,2/5/2020,11/4/2021
790,Taryn,De Biasi,tdebiasilx@dion.ne.jp,Female,193.221.48.120,CN,1/5/2020,12/14/2021
791,Phillida,Fawckner,pfawcknerly@wp.com,Female,23.7.107.220,ID,10/20/2019,5/19/2021
792,Matilda,Reyna,mreynalz@google.com.au,Bigender,139.211.5.111,SE,3/6/2020,8/17/2020
793,Danica,Haruard,dharuardm0@issuu.com,Female,59.15.61.189,PT,4/21/2022,1/23/2021
794,Eliot,Risbridge,erisbridgem1@google.com.br,Male,175.131.70.106,UZ,3/17/2022,5/27/2020
795,Augustine,Darque,adarquem2@wiley.com,Female,110.149.155.9,PT,3/17/2020,9/25/2019
796,Bendick,Quiddinton,bquiddintonm3@fema.gov,Male,247.8.166.174,BG,11/30/2021,12/5/2020
797,Brandyn,Hanniger,bhannigerm4@washingtonpost.com,Male,164.84.20.255,PL,9/1/2019,11/24/2020
798,Alain,Yokel,ayokelm5@ihg.com,Male,177.79.88.125,FR,9/18/2020,5/1/2021
799,Callida,Vasyunichev,cvasyunichevm6@virginia.edu,Female,251.50.188.86,GR,11/21/2020,2/9/2021
800,Duke,Bebbell,dbebbellm7@alexa.com,Male,123.101.124.206,MX,4/28/2022,11/23/2020
801,Nathalie,Chrestien,nchrestienm8@last.fm,Female,88.51.67.153,CN,10/14/2021,3/23/2022
802,Walden,Wreak,wwreakm9@dell.com,Male,146.194.112.39,CI,7/18/2020,5/21/2021
803,Meier,Jellis,mjellisma@yahoo.com,Male,255.172.120.177,CN,7/25/2020,1/21/2021
804,Karon,Boards,kboardsmb@patch.com,Female,32.77.53.115,RS,10/18/2019,3/6/2021
805,Silvia,Dalliston,sdallistonmc@patch.com,Female,12.178.141.213,CN,11/23/2020,4/4/2022
806,Trix,Kohen,tkohenmd@fastcompany.com,Bigender,170.158.67.131,TZ,10/24/2019,10/15/2020
807,Hetty,Kinnard,hkinnardme@nbcnews.com,Female,144.232.151.37,CN,5/8/2022,4/28/2021
808,Jackqueline,Zanelli,jzanellimf@ftc.gov,Female,79.190.30.244,ID,5/25/2021,2/7/2022
809,Reagan,Templeton,rtempletonmg@youtu.be,Male,54.188.82.150,RS,1/18/2020,1/1/2021
810,Lauri,Curtain,lcurtainmh@prweb.com,Female,9.17.13.84,CN,3/20/2021,10/23/2020
811,Benjamen,McGennis,bmcgennismi@newsvine.com,Male,246.212.98.63,FR,8/27/2019,3/14/2021
812,Cristal,Persse,cperssemj@yellowbook.com,Female,208.7.149.24,AM,4/12/2021,8/18/2021
813,,Segar,bsegarmk@icio.us,Female,6.179.70.168,ID,9/23/2019,12/21/2020
814,Lethia,Orts,lortsml@microsoft.com,Female,190.238.176.53,CN,12/6/2019,1/18/2022
815,Austin,Wardhaugh,awardhaughmm@stanford.edu,Male,102.34.72.241,PT,4/10/2022,6/3/2019
816,Isacco,Isham,iishammn@woothemes.com,Male,202.19.169.186,KP,9/22/2019,7/10/2021
817,Mac,Hawksworth,mhawksworthmo@freewebs.com,Male,150.62.220.245,ID,8/29/2020,8/21/2019
818,Ashil,Gebhardt,agebhardtmp@yahoo.com,Female,227.196.58.29,CN,10/20/2021,10/26/2019
819,Emiline,Shelley,eshelleymq@blogtalkradio.com,Female,69.244.168.170,RU,10/6/2021,11/27/2020
820,Obed,Yurov,oyurovmr@list-manage.com,Male,51.90.147.95,CN,6/22/2020,8/6/2020
821,Steffane,Buse,sbusems@edublogs.org,Female,38.172.188.116,JP,3/3/2020,7/24/2021
822,Jane,Copsey,jcopseymt@de.vu,Female,42.45.103.142,CZ,10/9/2019,11/2/2020
823,Vevay,Vonderdell,vvonderdellmu@usa.gov,Female,15.34.192.62,SD,6/29/2019,6/19/2020
824,Josias,Martineau,jmartineaumv@npr.org,Male,5.136.226.241,ID,8/1/2020,10/22/2021
825,Myrah,Gantley,mgantleymw@abc.net.au,Agender,243.31.250.211,SE,2/21/2020,5/17/2020
826,Darryl,Barnardo,dbarnardomx@ask.com,Male,39.242.12.142,AR,8/27/2019,11/19/2019
827,Vivi,Rishworth,vrishworthmy@fastcompany.com,Female,176.251.153.146,TZ,5/20/2019,10/4/2020
828,Jaye,Seif,jseifmz@dailymail.co.uk,Male,68.64.39.23,PH,7/29/2021,12/10/2021
829,Miguela,Trippack,mtrippackn0@booking.com,Female,144.180.108.228,MN,6/25/2020,6/24/2019
830,Rodd,Pegrum,rpegrumn1@techcrunch.com,Male,82.189.16.114,PH,5/23/2021,9/9/2020
831,Ingelbert,Lockhart,ilockhartn2@naver.com,Male,13.118.127.224,ID,9/8/2021,2/18/2021
832,Pebrook,Millhouse,pmillhousen3@examiner.com,Male,245.199.194.105,KZ,7/4/2020,4/20/2020
833,Mil,Vasechkin,mvasechkinn4@nifty.com,Female,227.234.177.227,CN,4/23/2020,2/4/2022
834,Jo ann,Cotterill,jcotterilln5@java.com,Female,218.164.54.205,PE,5/12/2019,2/3/2022
835,Wini,Diloway,wdilowayn6@vkontakte.ru,Female,230.147.89.129,HR,9/24/2021,9/12/2020
836,Taddeo,Cheales,tchealesn7@opera.com,Male,168.221.233.35,ZW,12/2/2021,4/30/2021
837,Bjorn,Marton,bmartonn8@51.la,Male,100.144.48.7,PL,7/23/2019,2/18/2021
838,Mendy,Sleany,msleanyn9@biblegateway.com,Male,220.121.91.5,PL,5/10/2022,8/31/2020
839,Natividad,McKennan,nmckennanna@bing.com,Bigender,104.255.126.178,ID,6/11/2021,4/15/2020
840,Fair,Stot,fstotnb@chron.com,Male,139.80.141.26,PK,9/30/2020,5/30/2020
841,Valida,Lanahan,vlanahannc@nymag.com,Female,202.48.152.23,MM,11/16/2019,1/6/2020
842,Shirleen,Jaspar,sjasparnd@bandcamp.com,Female,17.49.164.1,BR,6/17/2021,1/28/2021
843,Angel,Savile,asavilene@wp.com,Male,136.85.254.102,PL,6/4/2019,5/28/2021
844,Sean,McClintock,smcclintocknf@mysql.com,Female,17.76.203.162,KR,9/14/2019,5/8/2022
845,Svend,Hamments,shammentsng@so-net.ne.jp,Male,81.202.82.154,PL,10/23/2020,1/24/2020
846,Claybourne,Caulfield,ccaulfieldnh@acquirethisname.com,Male,246.5.239.95,RU,3/18/2020,3/14/2022
847,Helaina,Bassford,hbassfordni@vimeo.com,Female,143.156.192.201,US,4/19/2021,12/11/2019
848,Miltie,Routh,mrouthnj@freewebs.com,Male,10.123.92.209,SL,2/9/2022,3/15/2022
849,Ashly,Mugglestone,amugglestonenk@shinystat.com,Female,60.34.3.50,PE,4/13/2022,7/25/2021
850,Francoise,Fleetwood,ffleetwoodnl@bloglines.com,Female,110.80.149.74,TH,6/30/2020,3/9/2020
851,Jany,Roddie,jroddienm@ebay.co.uk,Genderqueer,208.179.197.204,US,3/17/2021,12/5/2021
852,Geoffrey,Matthessen,gmatthessennn@yale.edu,Male,121.200.128.22,NG,6/7/2019,8/8/2019
853,Estel,Cattemull,ecattemullno@senate.gov,Agender,209.112.4.77,PT,10/14/2020,8/26/2021
854,Merill,Dri,mdrinp@ucoz.ru,Male,249.86.213.29,PH,12/24/2019,7/12/2020
855,Roanna,Braidman,rbraidmannq@mysql.com,Female,77.189.141.46,VE,7/28/2021,10/7/2021
856,Sidnee,Ive,sivenr@ask.com,Male,86.77.53.52,VE,11/6/2020,12/19/2020
857,Launce,McFetrich,lmcfetrichns@weather.com,Male,12.22.70.221,CZ,7/31/2019,3/7/2020
858,Son,Pancoast,spancoastnt@epa.gov,Genderfluid,223.68.238.32,RU,3/19/2021,8/4/2020
859,Warden,Gillard,wgillardnu@trellian.com,Male,20.178.113.102,VE,4/12/2022,12/3/2020
860,Mable,Allday,malldaynv@sina.com.cn,Female,55.32.37.190,MY,1/4/2022,4/21/2021
861,Dalli,Tarborn,dtarbornnw@netlog.com,Male,185.39.226.85,ID,11/22/2020,3/18/2021
862,Remus,Weeke,rweekenx@yellowpages.com,Male,5.102.179.221,ID,10/18/2021,12/18/2021
863,Garvy,McClaughlin,gmcclaughlinny@sphinn.com,Male,213.27.101.103,US,10/30/2019,1/21/2021
864,Buddie,McTrustie,bmctrustienz@umn.edu,Male,210.188.10.219,RU,2/18/2020,11/30/2021
865,Jaquelyn,Metzel,jmetzelo0@admin.ch,Female,68.25.130.56,UA,1/16/2021,5/23/2021
866,Fredrick,Nussen,fnusseno1@bluehost.com,Male,254.60.60.138,CN,11/16/2019,10/16/2021
867,Duffie,Sames,dsameso2@wired.com,Male,160.22.131.25,RU,1/22/2021,2/25/2020
868,Aeriela,Mattke,amattkeo3@1und1.de,Female,89.178.166.83,CU,7/22/2019,3/27/2020
869,Danni,Topaz,dtopazo4@tamu.edu,Female,67.69.122.226,ID,5/22/2021,10/9/2019
870,Anastasia,Feldbrin,afeldbrino5@ehow.com,Female,197.159.59.32,GT,7/4/2020,1/31/2022
871,Ryann,Malkinson,rmalkinsono6@yahoo.co.jp,Female,47.187.237.70,ID,11/18/2019,8/15/2020
872,Vassili,Dumphrey,vdumphreyo7@wikispaces.com,Male,159.183.24.82,BD,10/28/2019,1/12/2020
873,Cullan,Casserley,ccasserleyo8@google.nl,Male,244.209.117.167,CN,8/31/2020,9/10/2021
874,Izzy,Abrahamsohn,iabrahamsohno9@biglobe.ne.jp,Male,27.189.28.179,RU,2/13/2021,8/15/2020
875,Harriot,Rainsbury,hrainsburyoa@umn.edu,Female,33.87.252.108,PL,8/21/2019,6/30/2019
876,Pietrek,Petrillo,ppetrilloob@studiopress.com,Bigender,197.138.252.104,PY,8/26/2019,8/5/2021
877,Vail,True,vtrueoc@utexas.edu,Male,173.219.81.141,FI,8/9/2019,11/9/2019
878,Myca,Chung,mchungod@reddit.com,Male,52.118.108.10,SE,11/13/2020,1/11/2021
879,Augustine,Frapwell,afrapwelloe@g.co,Female,198.10.220.122,CN,2/25/2021,3/12/2021
880,Jackqueline,Brito,jbritoof@flavors.me,Female,26.114.250.163,CN,3/4/2022,10/3/2021
881,Willey,Stainton,wstaintonog@linkedin.com,Male,226.178.88.93,SE,11/27/2020,8/17/2019
882,Pam,Nore,pnoreoh@cam.ac.uk,Female,230.51.87.229,RU,8/6/2019,6/12/2021
883,Meredith,MacCaffery,mmaccafferyoi@drupal.org,Female,93.44.101.148,PT,8/10/2019,3/13/2021
884,Ewart,Lune,eluneoj@goo.gl,Male,94.56.159.43,MN,12/11/2021,7/20/2021
885,Candi,Mayne,cmayneok@wired.com,Female,130.68.65.215,CN,3/9/2021,2/27/2020
886,Dewie,Trenholm,dtrenholmol@goodreads.com,Male,149.24.201.167,CN,3/14/2020,9/8/2020
887,Aymer,Von Gladbach,avongladbachom@disqus.com,Male,74.253.54.254,CN,11/15/2021,4/2/2022
888,Koo,Osman,kosmanon@webeden.co.uk,Female,201.8.67.88,KZ,4/30/2022,2/27/2020
889,Fran,Scanes,fscanesoo@51.la,Male,84.182.245.228,PL,10/4/2021,3/19/2022
890,Quintus,Garrie,qgarrieop@merriam-webster.com,Male,180.141.200.225,ID,11/19/2019,7/7/2021
891,Correna,Jovis,cjovisoq@slate.com,Polygender,254.37.233.252,CN,2/14/2020,6/3/2020
892,Etheline,Veryan,everyanor@whitehouse.gov,Female,13.14.15.25,CZ,3/22/2022,9/12/2020
893,Aristotle,Roizn,aroiznos@latimes.com,Male,24.102.160.200,ID,12/19/2021,8/9/2021
894,Glen,Ellershaw,gellershawot@phoca.cz,Male,78.107.109.76,BR,3/4/2022,1/10/2021
895,Margy,Killeley,mkilleleyou@trellian.com,Genderqueer,162.148.28.213,NG,7/29/2021,3/27/2022
896,Craggie,Vass,cvassov@chron.com,Male,120.56.120.170,ID,2/16/2022,5/22/2021
897,Berenice,D'Angeli,bdangeliow@fema.gov,Female,155.184.77.104,CN,5/12/2020,2/6/2020
898,Tallie,Heaker,theakerox@java.com,Male,143.243.129.39,SE,6/24/2020,5/12/2020
899,Kenny,Sloper,ksloperoy@hostgator.com,Male,224.81.17.138,ID,1/5/2020,3/4/2020
900,Alisander,Ballendine,aballendineoz@tmall.com,Male,92.27.45.243,CN,6/21/2019,11/28/2019
901,Blaire,Rustan,brustanp0@skyrock.com,Female,81.249.200.12,BR,8/13/2021,2/23/2022
902,Jonie,McDonogh,jmcdonoghp1@economist.com,Female,205.231.49.56,BR,11/9/2021,4/30/2020
903,Fannie,Blogg,fbloggp2@harvard.edu,Female,224.207.11.95,PT,4/16/2022,7/5/2020
904,Damaris,Ivantyev,divantyevp3@hugedomains.com,Female,127.73.97.120,CN,10/11/2020,3/9/2020
905,Joellyn,Partrick,jpartrickp4@123-reg.co.uk,Female,254.11.78.12,PL,8/25/2019,3/1/2022
906,Donica,Hobson,dhobsonp5@github.com,Female,10.107.220.249,BR,3/23/2022,8/16/2019
907,Claudette,Elcock,celcockp6@mayoclinic.com,Genderqueer,232.147.78.17,ID,2/14/2022,4/21/2022
908,Tonnie,Blance,tblancep7@storify.com,Male,5.244.53.241,CN,10/12/2021,4/4/2021
909,Sharon,Glencrash,sglencrashp8@cbc.ca,Female,128.58.98.222,PE,12/16/2019,6/24/2020
910,Ilyssa,Tickle,iticklep9@bluehost.com,Female,99.152.176.217,ID,1/23/2022,9/7/2019
911,Miner,Silkston,msilkstonpa@indiegogo.com,Polygender,187.248.220.33,PL,5/15/2020,9/19/2020
912,Yurik,Comelini,ycomelinipb@biblegateway.com,Male,120.59.190.229,BR,3/2/2021,8/6/2021
913,Lesley,Stredder,lstredderpc@toplist.cz,Male,178.189.226.3,CN,10/29/2021,8/29/2019
914,Chris,Kingzet,ckingzetpd@msu.edu,Male,2.167.96.225,UA,6/27/2019,7/11/2020
915,Stevana,Fannon,sfannonpe@amazon.co.uk,Female,193.92.189.178,PL,10/21/2020,5/14/2021
916,Jarid,Smart,jsmartpf@princeton.edu,Male,40.48.255.2,PL,1/18/2022,9/21/2020
917,Tiler,Danilishin,tdanilishinpg@huffingtonpost.com,Agender,239.76.58.48,UA,5/10/2022,11/19/2019
918,Twila,Landis,tlandisph@gizmodo.com,Female,169.43.52.187,UA,10/1/2020,3/18/2020
919,Tori,Querrard,tquerrardpi@hud.gov,Female,67.2.122.222,MM,2/24/2020,5/6/2020
920,Penelopa,Quinane,pquinanepj@homestead.com,Non-binary,9.249.198.228,PK,6/12/2019,8/17/2020
921,Leonerd,Castagneri,lcastagneripk@oaic.gov.au,Male,178.81.1.189,TH,6/15/2021,12/13/2020
922,Cordelie,Hawtin,chawtinpl@irs.gov,Female,9.180.152.206,SI,7/2/2020,7/18/2021
923,Toinette,Reary,trearypm@kickstarter.com,Female,205.218.49.32,PY,9/5/2020,2/17/2020
924,Blanch,Guesford,bguesfordpn@reuters.com,Female,145.10.116.155,ID,2/2/2022,11/12/2019
925,Michale,Blucher,mblucherpo@live.com,Male,48.20.177.95,GQ,12/17/2019,4/5/2022
926,Lanna,Maslin,lmaslinpp@tinypic.com,Female,78.228.24.105,RU,3/2/2021,7/24/2021
927,Niall,Buncom,nbuncompq@hud.gov,Male,186.30.13.209,GR,1/6/2021,9/9/2019
928,Shell,Ferrettino,sferrettinopr@geocities.com,Male,107.144.97.33,TN,12/29/2020,2/20/2022
929,,Streight,tstreightps@intel.com,Male,53.100.251.175,LK,8/6/2020,12/21/2019
930,Gaultiero,Pynner,gpynnerpt@eepurl.com,Male,20.57.17.255,AR,6/2/2021,2/11/2022
931,Kellen,Grimolbie,kgrimolbiepu@printfriendly.com,Male,151.111.150.198,IR,10/21/2019,9/22/2019
932,Yvon,Lothlorien,ylothlorienpv@hostgator.com,Male,6.119.203.247,GR,10/9/2020,3/15/2022
933,Elle,Scaife,escaifepw@archive.org,Genderqueer,183.14.204.146,RU,3/19/2022,5/5/2020
934,Aaren,Serotsky,aserotskypx@soundcloud.com,Female,209.63.191.14,JM,8/17/2019,11/19/2019
935,Georgeanne,Gagg,ggaggpy@devhub.com,Female,56.160.240.197,US,2/28/2020,2/28/2021
936,Pet,Coan,pcoanpz@ameblo.jp,Female,165.23.129.251,BR,9/1/2020,4/11/2022
937,Waldemar,Umney,wumneyq0@ft.com,Genderqueer,199.7.205.216,CN,11/21/2021,12/1/2020
938,Ezra,Weall,eweallq1@si.edu,Male,11.165.41.17,FR,9/12/2020,11/4/2021
939,Keven,Rikard,krikardq2@biblegateway.com,Male,219.40.216.5,PH,11/13/2021,11/25/2021
940,Theo,Godspede,tgodspedeq3@drupal.org,Male,214.5.117.182,PH,8/3/2019,6/5/2020
941,Haskell,Antonowicz,hantonowiczq4@macromedia.com,Male,51.218.180.59,IS,7/26/2021,4/21/2021
942,Erv,Savatier,esavatierq5@yellowbook.com,Male,65.207.192.156,CN,11/2/2020,10/11/2020
943,Bettye,Presdie,bpresdieq6@angelfire.com,Female,154.134.55.134,PL,9/1/2020,7/16/2019
944,Nari,Learie,nlearieq7@salon.com,Female,173.39.39.16,ID,9/21/2021,10/24/2020
945,Willabella,Ciobotaro,wciobotaroq8@google.cn,Female,124.157.65.116,RU,2/14/2021,1/17/2022
946,Reagen,Izsak,rizsakq9@csmonitor.com,Male,248.51.174.46,ID,8/20/2021,4/4/2020
947,Ash,Boorer,aboorerqa@arstechnica.com,Male,162.78.64.105,ID,3/31/2020,5/26/2020
948,Lesley,Agar,lagarqb@quantcast.com,Female,228.56.65.186,RU,7/28/2019,9/13/2019
949,Eloise,Lazenby,elazenbyqc@ox.ac.uk,Female,88.188.18.145,ID,10/25/2020,2/15/2020
950,Ariel,Messitt,amessittqd@un.org,Female,193.99.174.185,PH,3/14/2022,6/30/2019
951,Mada,Kennifeck,mkennifeckqe@guardian.co.uk,Female,60.74.51.254,RU,11/7/2020,10/1/2020
952,Steffi,Wherry,swherryqf@flickr.com,Bigender,70.88.40.138,PL,7/4/2019,8/4/2019
953,Orsola,Whitelaw,owhitelawqg@baidu.com,Female,135.69.206.218,US,3/11/2022,7/3/2019
954,Holli,Reihill,hreihillqh@i2i.jp,Female,156.182.172.184,VE,9/11/2020,8/3/2020
955,Raimundo,Billinge,rbillingeqi@discovery.com,Male,138.51.21.96,CN,4/24/2020,3/2/2020
956,Jaymie,Nelius,jneliusqj@sciencedaily.com,Male,219.108.14.48,PT,11/19/2021,5/14/2019
957,Normand,Sineath,nsineathqk@disqus.com,Male,136.39.253.4,PL,12/25/2020,6/30/2020
958,Bobina,Barling,bbarlingql@auda.org.au,Female,183.158.89.113,CN,9/15/2020,11/22/2021
959,Lorant,Tripp,ltrippqm@typepad.com,Male,85.195.118.98,RU,7/30/2021,6/28/2021
960,Tine,Tassaker,ttassakerqn@skype.com,Female,174.4.89.9,JP,3/5/2020,10/5/2020
961,Sallee,Felstead,sfelsteadqo@cbslocal.com,Female,239.198.142.3,AT,7/16/2021,9/11/2020
962,Huey,Dumbelton,hdumbeltonqp@g.co,Male,109.248.212.72,PH,10/26/2019,12/24/2019
963,Paulie,Ixer,pixerqq@webnode.com,Genderfluid,234.237.208.45,CN,10/2/2020,8/22/2020
964,Rutter,Giblin,rgiblinqr@newsvine.com,Male,251.110.32.146,TH,3/28/2021,5/10/2022
965,Shellie,Bennion,sbennionqs@surveymonkey.com,Female,144.215.235.25,CN,12/16/2021,3/15/2022
966,Harcourt,Blewett,hblewettqt@patch.com,Male,117.11.34.150,MN,9/2/2020,6/3/2020
967,Jaine,Dallander,jdallanderqu@vistaprint.com,Female,221.17.179.18,CN,10/28/2019,8/31/2020
968,Arney,Rabat,arabatqv@aol.com,Non-binary,29.105.178.3,PT,12/27/2019,4/19/2021
969,Wolfy,Chansonnau,wchansonnauqw@exblog.jp,Male,123.207.196.211,JP,1/14/2020,12/26/2020
970,Quillan,Durber,qdurberqx@google.de,Male,193.234.84.164,DK,8/9/2019,11/9/2019
971,Ricardo,Scotney,rscotneyqy@shinystat.com,Male,13.95.115.136,MX,4/25/2022,10/7/2021
972,Constance,Domengue,cdomengueqz@illinois.edu,Female,139.231.174.61,CN,2/27/2022,10/28/2019
973,Bank,Klimentyonok,bklimentyonokr0@etsy.com,Male,135.186.217.105,GR,12/14/2020,4/2/2022
974,Nerty,Pauncefort,npauncefortr1@ucoz.com,Female,228.76.96.17,MT,1/2/2021,10/6/2019
975,Kenon,Commin,kcomminr2@simplemachines.org,Male,107.80.1.184,SE,5/19/2020,3/30/2022
976,Johannes,Jebb,jjebbr3@nymag.com,Male,137.204.154.40,TJ,1/20/2020,12/12/2019
977,Isadore,Braiden,ibraidenr4@twitter.com,Male,60.82.140.66,PT,12/17/2020,6/26/2021
978,Nahum,Littlefair,nlittlefairr5@tamu.edu,Male,150.238.157.52,ID,1/27/2021,12/3/2019
979,Kylila,Shiels,kshielsr6@salon.com,Female,158.190.222.52,CN,5/2/2022,3/12/2020
980,Elisha,Blazynski,eblazynskir7@examiner.com,Male,166.99.94.132,PL,3/10/2020,3/12/2022
981,Tarrah,O'Breen,tobreenr8@de.vu,Female,177.185.26.177,RU,10/6/2019,5/30/2020
982,Allyce,Chastand,achastandr9@yolasite.com,Female,63.222.108.22,NA,10/23/2020,7/3/2020
983,Fara,Mallam,fmallamra@163.com,Female,145.187.182.190,LB,5/28/2020,9/30/2019
984,Chelsea,Dunn,cdunnrb@comsenz.com,Female,196.13.165.174,PH,8/13/2020,2/13/2020
985,Wally,Maudlen,wmaudlenrc@dropbox.com,Male,58.171.150.249,AR,11/30/2021,4/7/2021
986,Perren,Dalgety,pdalgetyrd@storify.com,Male,151.171.226.4,PH,6/3/2019,11/13/2020
987,Costa,Bleackley,cbleackleyre@microsoft.com,Male,4.165.131.125,ID,12/2/2020,4/30/2020
988,Simmonds,Bilbie,sbilbierf@nydailynews.com,Male,110.44.57.117,CN,5/4/2020,2/4/2020
989,Justus,Withnall,jwithnallrg@weebly.com,Male,15.203.12.229,JP,11/24/2021,7/8/2020
990,Joye,Lygo,jlygorh@sciencedirect.com,Female,21.158.146.216,SE,5/1/2020,3/15/2021
991,Sandy,O'Cleary,soclearyri@buzzfeed.com,Male,17.248.28.132,PH,9/4/2019,9/12/2020
992,Dorene,Coen,dcoenrj@printfriendly.com,Female,62.208.67.173,CZ,2/25/2020,7/24/2019
993,Genovera,Southcoat,gsouthcoatrk@vk.com,Female,70.22.111.24,GR,9/7/2021,8/8/2020
994,Grayce,Leithgoe,gleithgoerl@hibu.com,Bigender,236.181.13.38,GR,8/26/2019,9/30/2020
995,Erie,Gauford,egaufordrm@spotify.com,Male,209.41.38.214,ID,12/17/2021,3/31/2022
996,Hunter,Clarycott,hclarycottrn@nba.com,Male,136.237.54.224,EG,2/1/2021,2/6/2022
997,,Durand,ddurandro@sphinn.com,Female,54.197.96.70,CN,5/24/2021,6/15/2019
998,Clyde,Craighead,ccraigheadrp@newyorker.com,Male,214.160.204.113,FR,1/29/2021,6/23/2019
999,Bryana,Kleynermans,bkleynermansrq@xinhuanet.com,Female,57.244.184.69,CN,8/16/2019,5/28/2019
1000,Naoma,Walewski,nwalewskirr@blogspot.com,Female,153.233.84.52,CZ,3/26/2022,10/13/2019
